Route_Name,Route_Link,Bus_Name,Bus_Type,Departing_Time,Duration,Reaching_Time,Star_Rating,Price,Seat_Availability
Patna (Bihar) to Bettiah,https://www.redbus.in/bus-tickets/patna-to-bettiah,Jai Hanuman Travels,A/C Seater / Sleeper (2+2),22:20,06h 40m,05:00,3.6,495,54 Seats available
Patna (Bihar) to Bettiah,https://www.redbus.in/bus-tickets/patna-to-bettiah,Jai Mata Di Tour and Travels,A/C Seater / Sleeper (2+2),22:40,05h 20m,04:00,3.4,INR 450,28 Seats available
Patna (Bihar) to Bettiah,https://www.redbus.in/bus-tickets/patna-to-bettiah,Vivek Travels,A/C Seater (2+2),13:25,07h 00m,20:25,1.0,INR 450,45 Seats available
Patna (Bihar) to Bettiah,https://www.redbus.in/bus-tickets/patna-to-bettiah,Vivek Travels,A/C Seater / Sleeper (2+2),13:30,07h 00m,20:30,1.0,INR 400,72 Seats available
Patna (Bihar) to Bettiah,https://www.redbus.in/bus-tickets/patna-to-bettiah,Jai Mata Di Tour and Travels,A/C Seater / Sleeper (2+2),20:28,05h 32m,02:00,2.0,INR 550,1 Seat available
Patna (Bihar) to Bettiah,https://www.redbus.in/bus-tickets/patna-to-bettiah,V.I.P Travels,A/C Seater / Sleeper (2+2),21:40,06h 00m,03:40,2.8,INR 350,51 Seats available
Patna (Bihar) to Motihari,https://www.redbus.in/bus-tickets/patna-to-motihari,Bihar state road transport corporation (BSRTC) - 150571,Non AC Seater (2+2),21:20,03h 40m,01:00,3.7,INR 230,33 Seats available
Patna (Bihar) to Motihari,https://www.redbus.in/bus-tickets/patna-to-motihari,Jai Hanuman Travels,A/C Seater / Sleeper (2+2),22:20,04h 55m,03:15,3.0,495,54 Seats available
Patna (Bihar) to Motihari,https://www.redbus.in/bus-tickets/patna-to-motihari,Siddhi Vinayak (BSRTC U/T),Non AC Seater (2+2),15:30,04h 00m,19:30,2.2,INR 220,35 Seats available
Patna (Bihar) to Motihari,https://www.redbus.in/bus-tickets/patna-to-motihari,Jai Hanuman Travels,A/C Seater / Sleeper (2+2),22:00,06h 00m,04:00,4.5,495,53 Seats available
Patna (Bihar) to Motihari,https://www.redbus.in/bus-tickets/patna-to-motihari,Jai Mata Di Tour and Travels,A/C Seater / Sleeper (2+2),13:53,05h 27m,19:20,2.3,INR 400,12 Seats available
Patna (Bihar) to Motihari,https://www.redbus.in/bus-tickets/patna-to-motihari,Panwar Travels,A/C Seater / Sleeper (2+1),18:10,03h 25m,21:35,2.7,931,21 Seats available
Patna (Bihar) to Motihari,https://www.redbus.in/bus-tickets/patna-to-motihari,Jai Mata Di Tour and Travels,A/C Seater / Sleeper (2+2),20:28,03h 02m,23:30,1.2,INR 550,1 Seat available
Bettiah to Patna (Bihar),https://www.redbus.in/bus-tickets/bettiah-to-patna,Bihar state road transport corporation (BSRTC) - 146159,Non AC Seater (2+2),14:30,05h 00m,19:30,2.7,INR 285,32 Seats available
Bettiah to Patna (Bihar),https://www.redbus.in/bus-tickets/bettiah-to-patna,Bihar state road transport corporation (BSRTC) - 170674,Non AC Seater (2+2),20:30,05h 30m,02:00,2.3,INR 285,25 Seats available
Bettiah to Patna (Bihar),https://www.redbus.in/bus-tickets/bettiah-to-patna,Jai Mata Di Tour and Travels,A/C Seater / Sleeper (2+2),22:00,07h 00m,05:00,3.1,INR 500,10 Seats available
Bettiah to Patna (Bihar),https://www.redbus.in/bus-tickets/bettiah-to-patna,Saurabh Travels,A/C Seater Push Back (2+2),15:00,17h 45m,08:45,1.0,INR 450,42 Seats available
Bettiah to Patna (Bihar),https://www.redbus.in/bus-tickets/bettiah-to-patna,Saurabh Travels,A/C Seater Push Back (2+2),15:00,06h 00m,21:00,1.0,INR 450,42 Seats available
Bettiah to Patna (Bihar),https://www.redbus.in/bus-tickets/bettiah-to-patna,Saurabh Travels,A/C Seater Push Back (2+2),15:15,06h 05m,21:20,1.0,INR 450,42 Seats available
Bettiah to Patna (Bihar),https://www.redbus.in/bus-tickets/bettiah-to-patna,Saurabh Travels,A/C Seater Push Back (2+2),15:21,06h 24m,21:45,1.0,INR 450,42 Seats available
Bettiah to Patna (Bihar),https://www.redbus.in/bus-tickets/bettiah-to-patna,Saurabh Travels,A/C Seater Push Back (2+2),15:30,06h 45m,22:15,1.0,INR 450,42 Seats available
Bettiah to Patna (Bihar),https://www.redbus.in/bus-tickets/bettiah-to-patna,Saurabh Travels,A/C Seater Push Back (2+2),15:37,06h 38m,22:15,1.0,INR 450,42 Seats available
Bettiah to Patna (Bihar),https://www.redbus.in/bus-tickets/bettiah-to-patna,Jai Hanuman Travels,A/C Seater / Sleeper (2+2),21:55,07h 36m,05:31,2.5,495,40 Seats available
Gopalganj (Bihar) to Delhi,https://www.redbus.in/bus-tickets/gopalganj-to-delhi,Chandani Travels,A/C Seater / Sleeper (2+2),18:00,16h 00m,10:00,1.2,INR 2498,1 Seat available
Gopalganj (Bihar) to Delhi,https://www.redbus.in/bus-tickets/gopalganj-to-delhi,ROYAL TRAVELS AND CARGO,A/C Seater / Sleeper (2+2),18:25,15h 00m,09:25,1.7,INR 1496,5 Seats available
Gopalganj (Bihar) to Delhi,https://www.redbus.in/bus-tickets/gopalganj-to-delhi,Travel Point World LLP,A/C Seater / Sleeper (2+2),20:20,14h 30m,10:50,3.2,1709,34 Seats available
Gopalganj (Bihar) to Delhi,https://www.redbus.in/bus-tickets/gopalganj-to-delhi,Panwar tour and Travels,A/C Seater / Sleeper (2+1),15:40,17h 50m,09:30,1.7,2339,7 Seats available
Gopalganj (Bihar) to Delhi,https://www.redbus.in/bus-tickets/gopalganj-to-delhi,Baba Khatushyam Travels Pvt Ltd,A/C Seater / Sleeper (3+1),19:00,16h 49m,11:49,1.2,INR 1499,1 Seat available
Gopalganj (Bihar) to Delhi,https://www.redbus.in/bus-tickets/gopalganj-to-delhi,Armaan Tour & Travels,A/C Seater / Sleeper (2+1),16:50,20h 10m,13:00,2.6,2497,12 Seats available
Gopalganj (Bihar) to Delhi,https://www.redbus.in/bus-tickets/gopalganj-to-delhi,Ashok Travels,A/C Seater / Sleeper (2+2),19:00,16h 00m,11:00,2.3,2169,15 Seats available
Gopalganj (Bihar) to Delhi,https://www.redbus.in/bus-tickets/gopalganj-to-delhi,Jay Maa Kali Travels,Bharat Benz A/C Seater / Sleeper (2+2),16:00,16h 30m,08:30,1.9,INR 1499,31 Seats available
Gopalganj (Bihar) to Delhi,https://www.redbus.in/bus-tickets/gopalganj-to-delhi,ROYAL TRAVELS AND CARGO,A/C Seater/Sleeper (2+1),17:30,15h 00m,08:30,1.7,INR 1596,4 Seats available
Gopalganj (Bihar) to Delhi,https://www.redbus.in/bus-tickets/gopalganj-to-delhi,New Travel India,A/C Seater / Sleeper (2+1),17:40,14h 50m,08:30,1.2,INR 2499,14 Seats available
Gopalganj (Bihar) to Delhi,https://www.redbus.in/bus-tickets/gopalganj-to-delhi,New Travel India,A/C Seater / Sleeper (2+1),18:05,13h 55m,08:00,1.2,INR 2499,14 Seats available
Gopalganj (Bihar) to Delhi,https://www.redbus.in/bus-tickets/gopalganj-to-delhi,New Travel India,A/C Seater / Sleeper (2+1),17:35,14h 55m,08:30,1.2,INR 2499,14 Seats available
Gopalganj (Bihar) to Delhi,https://www.redbus.in/bus-tickets/gopalganj-to-delhi,New Travel India,A/C Seater / Sleeper (2+1),18:15,13h 55m,08:10,1.2,INR 2499,30 Seats available
Gopalganj (Bihar) to Delhi,https://www.redbus.in/bus-tickets/gopalganj-to-delhi,New Travel India,A/C Seater / Sleeper (2+1),18:15,13h 45m,08:00,1.2,INR 2499,14 Seats available
Gopalganj (Bihar) to Delhi,https://www.redbus.in/bus-tickets/gopalganj-to-delhi,New Travel India,A/C Seater / Sleeper (2+1),17:30,15h 30m,09:00,1.2,INR 2499,16 Seats available
Gopalganj (Bihar) to Delhi,https://www.redbus.in/bus-tickets/gopalganj-to-delhi,Shree Balajee Travels And Cargo,A/C Seater / Sleeper (2+2),20:00,18h 30m,14:30,1.3,1709,72 Seats available
Gopalganj (Bihar) to Delhi,https://www.redbus.in/bus-tickets/gopalganj-to-delhi,Chandani Travels,A/C Seater / Sleeper (2+2),17:00,17h 30m,10:30,1.2,INR 1999,9 Seats available
Patna (Bihar) to Balmiki Nagar (bihar),https://www.redbus.in/bus-tickets/patna-to-balmiki-nagar-bihar,Jai Mata Di Tour and Travels,A/C Seater / Sleeper (2+2),22:40,08h 20m,07:00,2.2,INR 450,28 Seats available
Patna (Bihar) to Balmiki Nagar (bihar),https://www.redbus.in/bus-tickets/patna-to-balmiki-nagar-bihar,Jai Mata Di Tour and Travels,A/C Seater / Sleeper (2+2),20:28,09h 32m,06:00,1.7,INR 550,1 Seat available
Balmiki Nagar (bihar) to Patna (Bihar),https://www.redbus.in/bus-tickets/balmiki-nagar-bihar-to-patna,Jai Mata Di Tour and Travels,A/C Seater / Sleeper (2+2),18:30,10h 30m,05:00,2.2,INR 500,10 Seats available
Delhi to Motihari,https://www.redbus.in/bus-tickets/delhi-to-motihari,Bihar state road transport corporation (BSRTC) - 152185,Volvo AC Seater 2+2,14:00,17h 00m,07:00,3.4,INR 1350,19 Seats available
Delhi to Motihari,https://www.redbus.in/bus-tickets/delhi-to-motihari,Bihar state road transport corporation (BSRTC) - 117806,Volvo AC Seater 2+2,17:00,17h 00m,10:00,4.0,INR 1350,33 Seats available
Delhi to Motihari,https://www.redbus.in/bus-tickets/delhi-to-motihari,Travel Point World LLP,A/C Seater / Sleeper (2+2),14:30,16h 30m,07:00,1.7,1899,46 Seats available
Delhi to Motihari,https://www.redbus.in/bus-tickets/delhi-to-motihari,Travel Point World LLP,A/C Seater / Sleeper (2+2),16:00,16h 01m,08:01,1.2,1899,46 Seats available
Delhi to Motihari,https://www.redbus.in/bus-tickets/delhi-to-motihari,New India Bus Service,A/C Seater / Sleeper (2+2),15:30,17h 30m,09:00,1.0,1804,24 Seats available
Delhi to Motihari,https://www.redbus.in/bus-tickets/delhi-to-motihari,Maa kali Travels,A/C Seater / Sleeper (2+2),17:15,19h 30m,12:45,1.0,INR 1599,37 Seats available
Patna (Bihar) to Katihar,https://www.redbus.in/bus-tickets/patna-to-katihar,Bihar state road transport corporation (BSRTC) - 142847,AC Seater (2+2),21:25,09h 05m,06:30,3.6,INR 468,29 Seats available
Patna (Bihar) to Katihar,https://www.redbus.in/bus-tickets/patna-to-katihar,Sri Krishna Rath,A/C Semi Sleeper / Sleeper (2+2),20:00,09h 05m,05:05,1.5,INR 750,19 Seats available
Patna (Bihar) to Katihar,https://www.redbus.in/bus-tickets/patna-to-katihar,Sri Krishna Rath,A/C Semi Sleeper / Sleeper (2+2),21:00,09h 05m,06:05,1.5,INR 800,20 Seats available
Patna (Bihar) to Purnea,https://www.redbus.in/bus-tickets/patna-to-purnea,Bihar state road transport corporation (BSRTC) - 142847,AC Seater (2+2),21:25,08h 15m,05:40,3.6,INR 468,29 Seats available
Patna (Bihar) to Purnea,https://www.redbus.in/bus-tickets/patna-to-purnea,MAA SHANTI TRAVELS,A/C Seater / Sleeper (2+1),22:10,08h 25m,06:35,4.1,630,15 Seats available
Patna (Bihar) to Purnea,https://www.redbus.in/bus-tickets/patna-to-purnea,Aitiana Airwings,Benz A/C Sleeper (2+1),21:00,09h 00m,06:00,4.1,INR 650,13 Seats available
Patna (Bihar) to Purnea,https://www.redbus.in/bus-tickets/patna-to-purnea,MAA SHANTI TRAVELS,A/C Seater / Sleeper (2+1),21:25,08h 55m,06:20,4.2,630,13 Seats available
Patna (Bihar) to Purnea,https://www.redbus.in/bus-tickets/patna-to-purnea,Divya Rath,A/C Sleeper (2+1),20:45,09h 00m,05:45,4.4,INR 700,7 Seats available
Patna (Bihar) to Purnea,https://www.redbus.in/bus-tickets/patna-to-purnea,AITIANA CRUISELINERS,Bharat Benz A/C Seater /Sleeper (2+1),20:20,09h 10m,05:30,4.2,INR 500,10 Seats available
Patna (Bihar) to Purnea,https://www.redbus.in/bus-tickets/patna-to-purnea,Raj Bus Services,A/C Seater / Sleeper (2+1),19:25,09h 40m,05:05,4.3,463,12 Seats available
Patna (Bihar) to Purnea,https://www.redbus.in/bus-tickets/patna-to-purnea,MAA KAMAKHYA DREAMLINER,A/C Seater / Sleeper (2+1),20:40,08h 20m,05:00,3.5,495,18 Seats available
Patna (Bihar) to Purnea,https://www.redbus.in/bus-tickets/patna-to-purnea,Shatabdi Travels,A/C Seater / Sleeper (2+1),21:00,09h 00m,06:00,3.1,INR 600,17 Seats available
Patna (Bihar) to Purnea,https://www.redbus.in/bus-tickets/patna-to-purnea,Maa Satyabhama Rath,A/C Seater / Sleeper (2+1),21:00,09h 00m,06:00,3.8,INR 600,17 Seats available
Patna (Bihar) to Purnea,https://www.redbus.in/bus-tickets/patna-to-purnea,Sri Krishna Tours and Travels,A/C Seater / Sleeper (2+1),20:25,08h 50m,05:15,3.2,INR 650,12 Seats available
Patna (Bihar) to Purnea,https://www.redbus.in/bus-tickets/patna-to-purnea,Raj Bus Services,A/C Seater / Sleeper (2+2),16:06,11h 29m,03:35,3.9,648,2 Seats available
Patna (Bihar) to Purnea,https://www.redbus.in/bus-tickets/patna-to-purnea,Raj Bus Services,Bharat Benz A/C Seater /Sleeper (2+1),18:25,09h 10m,03:35,3.9,463,9 Seats available
Patna (Bihar) to Purnea,https://www.redbus.in/bus-tickets/patna-to-purnea,Mahuli Travels,A/C Seater/Sleeper (2+1),20:50,09h 00m,05:50,3.7,INR 500,23 Seats available
Patna (Bihar) to Purnea,https://www.redbus.in/bus-tickets/patna-to-purnea,Sri Krishna Tours and Travels,A/C Seater / Sleeper (2+2),20:30,08h 50m,05:20,3.2,INR 600,40 Seats available
Patna (Bihar) to Purnea,https://www.redbus.in/bus-tickets/patna-to-purnea,Raj Bus Services,Bharat Benz A/C Seater /Sleeper (2+1),20:35,09h 00m,05:35,3.1,463,12 Seats available
Patna (Bihar) to Purnea,https://www.redbus.in/bus-tickets/patna-to-purnea,Hawa Hawai,A/C Seater / Sleeper (2+1),20:00,09h 00m,05:00,2.5,540,8 Seats available
Patna (Bihar) to Purnea,https://www.redbus.in/bus-tickets/patna-to-purnea,Shivam Travels,NON A/C Seater / Sleeper (2+2),21:00,09h 30m,06:30,1.1,INR 450,40 Seats available
Patna (Bihar) to Purnea,https://www.redbus.in/bus-tickets/patna-to-purnea,Shri Sai Krishna Luxury,A/C Seater / Sleeper (2+1),21:15,09h 00m,06:15,2.7,INR 600,45 Seats available
Patna (Bihar) to Purnea,https://www.redbus.in/bus-tickets/patna-to-purnea,Raj Rath,A/C Seater / Sleeper (2+2),20:30,08h 45m,05:15,2.4,INR 500,6 Seats available
Patna (Bihar) to Purnea,https://www.redbus.in/bus-tickets/patna-to-purnea,Jay Jagdambay Tour And Travels,A/C Seater / Sleeper (2+1),17:00,09h 30m,02:30,2.1,630,4 Seats available
Patna (Bihar) to Purnea,https://www.redbus.in/bus-tickets/patna-to-purnea,Sree Balaji Travels,A/C Seater / Sleeper (2+1),20:15,08h 45m,05:00,1.7,450,24 Seats available
Patna (Bihar) to Purnea,https://www.redbus.in/bus-tickets/patna-to-purnea,Sameer Travels (GT),A/C Seater / Sleeper (2+2),16:30,10h 00m,02:30,2.7,585,15 Seats available
Patna (Bihar) to Purnea,https://www.redbus.in/bus-tickets/patna-to-purnea,Sri Krishna Rath,A/C Semi Sleeper / Sleeper (2+2),20:00,09h 15m,05:15,2.1,INR 450,23 Seats available
Patna (Bihar) to Purnea,https://www.redbus.in/bus-tickets/patna-to-purnea,Sadhvi Rath,A/C Seater / Sleeper (2+1),20:20,10h 00m,06:20,2.8,513,26 Seats available
Patna (Bihar) to Purnea,https://www.redbus.in/bus-tickets/patna-to-purnea,Sri Krishna Rath,A/C Seater / Sleeper (2+2),21:00,09h 15m,06:15,2.1,INR 500,62 Seats available
Patna (Bihar) to Purnea,https://www.redbus.in/bus-tickets/patna-to-purnea,Sri Krishna Rath,A/C Semi Sleeper / Sleeper (2+2),21:00,09h 15m,06:15,2.1,INR 500,20 Seats available
Motihari to Delhi,https://www.redbus.in/bus-tickets/motihari-to-delhi,Travel Point World LLP,A/C Seater / Sleeper (2+2),18:20,16h 30m,10:50,1.7,1709,34 Seats available
Motihari to Delhi,https://www.redbus.in/bus-tickets/motihari-to-delhi,Baba Khatushyam Travels Pvt Ltd,A/C Seater / Sleeper (3+1),17:35,18h 14m,11:49,1.6,INR 1499,1 Seat available
Ranchi to Muzaffarpur (Bihar),https://www.redbus.in/bus-tickets/ranchi-to-muzaffarpur,Bihar state road transport corporation (BSRTC) - 153614,AC Seater (2+2),20:55,10h 35m,07:30,3.1,INR 605,23 Seats available
Ranchi to Muzaffarpur (Bihar),https://www.redbus.in/bus-tickets/ranchi-to-muzaffarpur,JGD Travels Pvt Ltd.,Bharat Benz A/C Sleeper (2+1),20:35,09h 40m,06:15,3.8,990,4 Seats available
Ranchi to Muzaffarpur (Bihar),https://www.redbus.in/bus-tickets/ranchi-to-muzaffarpur,Jai Mata Di Tour and Travels,A/C Seater / Sleeper (2+2),19:15,11h 15m,06:30,2.7,INR 800,1 Seat available
Ranchi to Muzaffarpur (Bihar),https://www.redbus.in/bus-tickets/ranchi-to-muzaffarpur,Tejas Maa Bhawani,A/C Seater / Sleeper (2+2),18:15,11h 15m,05:30,1.7,INR 899,6 Seats available
Ranchi to Muzaffarpur (Bihar),https://www.redbus.in/bus-tickets/ranchi-to-muzaffarpur,Tejas Maa Bhawani,A/C Sleeper (2+1),18:29,10h 46m,05:15,1.6,INR 799,26 Seats available
Ranchi to Muzaffarpur (Bihar),https://www.redbus.in/bus-tickets/ranchi-to-muzaffarpur,Tejas Maa Bhawani,Non AC Seater (2+2),17:45,11h 45m,05:30,1.6,INR 725,21 Seats available
Ranchi to Muzaffarpur (Bihar),https://www.redbus.in/bus-tickets/ranchi-to-muzaffarpur,Sri Krishna Rath,A/C Seater / Sleeper (2+2),21:15,12h 00m,09:15,0,INR 1299,22 Seats available
Ranchi to Muzaffarpur (Bihar),https://www.redbus.in/bus-tickets/ranchi-to-muzaffarpur,Sri Krishna Rath,A/C Seater / Sleeper (2+2),22:00,10h 00m,08:00,0,INR 850,62 Seats available
Ranchi to Muzaffarpur (Bihar),https://www.redbus.in/bus-tickets/ranchi-to-muzaffarpur,Sri Krishna Rath,A/C Sleeper (2+2),22:30,10h 00m,08:30,0,INR 850,13 Seats available
Ranchi to Patna (Bihar),https://www.redbus.in/bus-tickets/ranchi-to-patna,Bihar state road transport corporation (BSRTC) - 153614,AC Seater (2+2),20:55,08h 35m,05:30,3.8,INR 500,24 Seats available
Ranchi to Patna (Bihar),https://www.redbus.in/bus-tickets/ranchi-to-patna,Mahuli Travels,A/C Seater/Sleeper (2+1),21:15,09h 00m,06:15,4.0,INR 650,26 Seats available
Ranchi to Patna (Bihar),https://www.redbus.in/bus-tickets/ranchi-to-patna,Prithvi Vahan,Bharat Benz A/C Sleeper (2+1),21:30,07h 40m,05:10,4.7,810,14 Seats available
Ranchi to Patna (Bihar),https://www.redbus.in/bus-tickets/ranchi-to-patna,MAA SHANTI TRAVELS,A/C Seater / Sleeper (2+1),22:20,07h 35m,05:55,4.6,740,14 Seats available
Ranchi to Patna (Bihar),https://www.redbus.in/bus-tickets/ranchi-to-patna,Divya Rath,A/C Sleeper (2+1),22:10,07h 20m,05:30,4.3,INR 1000,12 Seats available
Ranchi to Patna (Bihar),https://www.redbus.in/bus-tickets/ranchi-to-patna,MAA SHANTI TRAVELS,A/C Seater/Sleeper (2+1),21:00,09h 35m,06:35,3.9,585,18 Seats available
Ranchi to Patna (Bihar),https://www.redbus.in/bus-tickets/ranchi-to-patna,Puja Rath,A/C Seater / Sleeper (2+1),20:30,09h 00m,05:30,3.5,540,18 Seats available
Ranchi to Patna (Bihar),https://www.redbus.in/bus-tickets/ranchi-to-patna,Arzoo Travels,Bharat Benz A/C Seater /Sleeper (2+1),21:00,08h 00m,05:00,3.6,570,12 Seats available
Ranchi to Patna (Bihar),https://www.redbus.in/bus-tickets/ranchi-to-patna,Sri Sai ( Jharkhand Paryatak),A/C Seater / Sleeper (2+1),21:15,08h 45m,06:00,3.2,416,9 Seats available
Ranchi to Patna (Bihar),https://www.redbus.in/bus-tickets/ranchi-to-patna,VIJAY RATH,A/C Seater / Sleeper (2+1),22:00,08h 10m,06:10,3.2,698,15 Seats available
Ranchi to Patna (Bihar),https://www.redbus.in/bus-tickets/ranchi-to-patna,Sadhvi Rath,A/C Seater / Sleeper (2+1),20:30,09h 00m,05:30,3.1,630,30 Seats available
Ranchi to Patna (Bihar),https://www.redbus.in/bus-tickets/ranchi-to-patna,Rajdhani bus service,A/C Sleeper (2+1),23:00,06h 50m,05:50,3.8,925,3 Seats available
Ranchi to Patna (Bihar),https://www.redbus.in/bus-tickets/ranchi-to-patna,Shubham Travels,A/C Seater / Sleeper (2+1),22:00,07h 40m,05:40,3.6,788,24 Seats available
Ranchi to Patna (Bihar),https://www.redbus.in/bus-tickets/ranchi-to-patna,Pappu Travels (yvts),A/C Seater/Sleeper (2+1),16:45,09h 55m,02:40,3.3,INR 800,8 Seats available
Ranchi to Patna (Bihar),https://www.redbus.in/bus-tickets/ranchi-to-patna,Sri Krishna Rath,A/C Sleeper (2+2),22:30,08h 00m,06:30,2.9,INR 500,13 Seats available
Ranchi to Patna (Bihar),https://www.redbus.in/bus-tickets/ranchi-to-patna,Sri Krishna Rath,A/C Seater / Sleeper (2+2),22:00,08h 00m,06:00,1.8,INR 500,62 Seats available
Ranchi to Patna (Bihar),https://www.redbus.in/bus-tickets/ranchi-to-patna,Sri Krishna Rath,A/C Seater / Sleeper (2+2),21:15,10h 00m,07:15,1.3,INR 700,22 Seats available
Ranchi to Patna (Bihar),https://www.redbus.in/bus-tickets/ranchi-to-patna,Sri Krishna Rath,A/C Seater / Sleeper (2+2),22:00,08h 00m,06:00,2.0,INR 500,62 Seats available
Ranchi to Patna (Bihar),https://www.redbus.in/bus-tickets/ranchi-to-patna,Chandralok Travels,A/C Seater / Sleeper (2+1),21:35,08h 55m,06:30,1.9,INR 525,43 Seats available
Ranchi to Patna (Bihar),https://www.redbus.in/bus-tickets/ranchi-to-patna,JGD Travels Pvt Ltd.,Bharat Benz A/C Sleeper (2+1),20:35,07h 25m,04:00,2.0,990,4 Seats available
Ranchi to Patna (Bihar),https://www.redbus.in/bus-tickets/ranchi-to-patna,Udan Pari Dlx,A/C Seater / Sleeper (2+1),17:30,08h 30m,02:00,2.0,INR 900,17 Seats available
Ranchi to Patna (Bihar),https://www.redbus.in/bus-tickets/ranchi-to-patna,Rajdhani bus service,Non A/C Seater / Sleeper (2+1),21:40,07h 20m,05:00,2.4,555,10 Seats available
Ranchi to Patna (Bihar),https://www.redbus.in/bus-tickets/ranchi-to-patna,Maharani Express,A/C Seater / Sleeper (2+2),23:15,09h 00m,08:15,2.0,720,24 Seats available
Ranchi to Patna (Bihar),https://www.redbus.in/bus-tickets/ranchi-to-patna,Tejas Maa Bhawani,A/C Sleeper (2+1),18:29,09h 21m,03:50,2.1,INR 749,26 Seats available
Ranchi to Patna (Bihar),https://www.redbus.in/bus-tickets/ranchi-to-patna,Tejas Maa Bhawani,Non AC Seater (2+2),17:45,10h 16m,04:01,0,INR 725,21 Seats available
Ranchi to Patna (Bihar),https://www.redbus.in/bus-tickets/ranchi-to-patna,Jai Mata Di Tour and Travels,A/C Seater / Sleeper (2+2),19:15,09h 15m,04:30,0,INR 1100,1 Seat available
Ranchi to Patna (Bihar),https://www.redbus.in/bus-tickets/ranchi-to-patna,Tejas Maa Bhawani,A/C Seater / Sleeper (2+2),18:15,09h 46m,04:01,0,INR 899,6 Seats available
Ranchi to Patna (Bihar),https://www.redbus.in/bus-tickets/ranchi-to-patna,Maa Bhawani Travels,A/C Seater / Sleeper (2+1),17:10,09h 50m,03:00,0,540,19 Seats available
Hazaribagh to Patna (Bihar),https://www.redbus.in/bus-tickets/hazaribagh-to-patna,Bihar state road transport corporation (BSRTC) - 153614,AC Seater (2+2),23:15,06h 15m,05:30,3.5,INR 377,27 Seats available
Hazaribagh to Patna (Bihar),https://www.redbus.in/bus-tickets/hazaribagh-to-patna,Sadhvi Rath,A/C Seater / Sleeper (2+1),23:28,06h 02m,05:30,4.4,630,33 Seats available
Hazaribagh to Patna (Bihar),https://www.redbus.in/bus-tickets/hazaribagh-to-patna,MAA SHANTI TRAVELS,A/C Seater/Sleeper (2+1),23:30,07h 05m,06:35,3.6,601,25 Seats available
Hazaribagh to Patna (Bihar),https://www.redbus.in/bus-tickets/hazaribagh-to-patna,Rajdhani bus service,Non A/C Seater / Sleeper (2+1),23:45,05h 15m,05:00,3.3,509,11 Seats available
Hazaribagh to Patna (Bihar),https://www.redbus.in/bus-tickets/hazaribagh-to-patna,Tejas Maa Bhawani,Non AC Seater (2+2),21:00,07h 01m,04:01,2.0,INR 725,21 Seats available
Hazaribagh to Patna (Bihar),https://www.redbus.in/bus-tickets/hazaribagh-to-patna,Arzoo Travels,Bharat Benz A/C Seater /Sleeper (2+1),23:30,05h 30m,05:00,1.2,570,12 Seats available
Hazaribagh to Patna (Bihar),https://www.redbus.in/bus-tickets/hazaribagh-to-patna,Prithvi Vahan,Bharat Benz A/C Sleeper (2+1),23:45,05h 25m,05:10,4.7,810,14 Seats available
Hazaribagh to Patna (Bihar),https://www.redbus.in/bus-tickets/hazaribagh-to-patna,Sri Krishna Rath,A/C Seater / Sleeper (2+2),23:55,06h 05m,06:00,2.9,INR 650,62 Seats available
Hazaribagh to Patna (Bihar),https://www.redbus.in/bus-tickets/hazaribagh-to-patna,Mahuli Travels,A/C Seater/Sleeper (2+1),23:59,06h 16m,06:15,3.0,INR 600,34 Seats available
Hazaribagh to Patna (Bihar),https://www.redbus.in/bus-tickets/hazaribagh-to-patna,Pappu Travels (yvts),A/C Seater/Sleeper (2+1),20:00,06h 40m,02:40,2.0,INR 800,8 Seats available
Hazaribagh to Patna (Bihar),https://www.redbus.in/bus-tickets/hazaribagh-to-patna,Tejas Maa Bhawani,A/C Seater / Sleeper (2+2),21:35,06h 26m,04:01,2.0,INR 899,6 Seats available
Hazaribagh to Patna (Bihar),https://www.redbus.in/bus-tickets/hazaribagh-to-patna,Tejas Maa Bhawani,A/C Sleeper (2+1),21:45,06h 05m,03:50,0,INR 749,26 Seats available
Muzaffarpur (Bihar) to Ranchi,https://www.redbus.in/bus-tickets/muzaffarpur-to-ranchi,Bihar state road transport corporation (BSRTC) - 153594,AC Seater (2+2),18:00,12h 00m,06:00,3.9,INR 605,26 Seats available
Muzaffarpur (Bihar) to Ranchi,https://www.redbus.in/bus-tickets/muzaffarpur-to-ranchi,JGD Travels Pvt Ltd.,Bharat Benz A/C Sleeper (2+1),18:10,10h 15m,04:25,3.8,990,2 Seats available
Muzaffarpur (Bihar) to Ranchi,https://www.redbus.in/bus-tickets/muzaffarpur-to-ranchi,Jai Mata Di Tour and Travels,A/C Seater / Sleeper (2+2),19:15,10h 45m,06:00,2.2,INR 700,1 Seat available
Muzaffarpur (Bihar) to Ranchi,https://www.redbus.in/bus-tickets/muzaffarpur-to-ranchi,Jai Mata Di Tour and Travels,AC Seater (2+2),17:45,11h 00m,04:45,2.7,INR 750,1 Seat available
Muzaffarpur (Bihar) to Ranchi,https://www.redbus.in/bus-tickets/muzaffarpur-to-ranchi,Tejas Maa Bhawani,A/C Sleeper (2+1),19:05,10h 55m,06:00,2.8,INR 1300,1 Seat available
Muzaffarpur (Bihar) to Ranchi,https://www.redbus.in/bus-tickets/muzaffarpur-to-ranchi,Tejas Maa Bhawani,AC Sleeper (2+1),18:45,11h 15m,06:00,2.9,INR 2500,2 Seats available
Muzaffarpur (Bihar) to Ranchi,https://www.redbus.in/bus-tickets/muzaffarpur-to-ranchi,Tejas Maa Bhawani,Non AC Seater (2+2),18:30,11h 00m,05:30,2.9,INR 2000,41 Seats available
Purnea to Patna (Bihar),https://www.redbus.in/bus-tickets/purnea-to-patna,Bihar state road transport corporation (BSRTC) - 156563,AC Seater (2+2),19:00,09h 00m,04:00,3.1,INR 468,33 Seats available
Purnea to Patna (Bihar),https://www.redbus.in/bus-tickets/purnea-to-patna,MAA SHANTI TRAVELS,A/C Seater / Sleeper (2+1),20:10,08h 50m,05:00,4.1,630,19 Seats available
Purnea to Patna (Bihar),https://www.redbus.in/bus-tickets/purnea-to-patna,AITIANA CRUISELINERS,A/C Seater / Sleeper (2+1),21:00,09h 00m,06:00,3.6,INR 500,8 Seats available
Purnea to Patna (Bihar),https://www.redbus.in/bus-tickets/purnea-to-patna,Aitiana Airwings,Benz A/C Sleeper (2+1),21:00,08h 00m,05:00,4.3,INR 650,6 Seats available
Purnea to Patna (Bihar),https://www.redbus.in/bus-tickets/purnea-to-patna,Divya Rath,A/C Sleeper (2+1),20:30,09h 00m,05:30,3.5,INR 700,5 Seats available
Purnea to Patna (Bihar),https://www.redbus.in/bus-tickets/purnea-to-patna,MAA KAMAKHYA DREAMLINER,A/C Seater / Sleeper (2+1),20:10,08h 50m,05:00,3.8,495,19 Seats available
Purnea to Patna (Bihar),https://www.redbus.in/bus-tickets/purnea-to-patna,Aarush Krrish,A/C Seater / Sleeper (2+1),21:00,08h 30m,05:30,2.8,540,31 Seats available
Purnea to Patna (Bihar),https://www.redbus.in/bus-tickets/purnea-to-patna,Maa Satyabhama Rath,A/C Seater / Sleeper (2+1),21:00,09h 00m,06:00,4.1,INR 600,26 Seats available
Purnea to Patna (Bihar),https://www.redbus.in/bus-tickets/purnea-to-patna,Mahuli Travels,A/C Seater/Sleeper (2+1),19:45,09h 20m,05:05,3.7,INR 500,22 Seats available
Purnea to Patna (Bihar),https://www.redbus.in/bus-tickets/purnea-to-patna,Raj Bus Services,A/C Seater / Sleeper (2+2),22:45,09h 00m,07:45,3.3,463,2 Seats available
Purnea to Patna (Bihar),https://www.redbus.in/bus-tickets/purnea-to-patna,Shatabdi Travels,A/C Seater / Sleeper (2+1),19:50,09h 00m,04:50,3.2,INR 650,18 Seats available
Purnea to Patna (Bihar),https://www.redbus.in/bus-tickets/purnea-to-patna,Sree Balaji Travels,A/C Seater / Sleeper (2+1),19:30,09h 00m,04:30,1.0,450,4 Seats available
Purnea to Patna (Bihar),https://www.redbus.in/bus-tickets/purnea-to-patna,Meera Travels (Yvts),A/C Seater / Sleeper (2+1),20:15,10h 00m,06:15,1.3,INR 600,5 Seats available
Purnea to Patna (Bihar),https://www.redbus.in/bus-tickets/purnea-to-patna,Sameer Travels (GT),A/C Seater / Sleeper (2+2),23:40,06h 50m,06:30,2.0,INR 550,23 Seats available
Purnea to Patna (Bihar),https://www.redbus.in/bus-tickets/purnea-to-patna,Shree Sai Krishna Luxury,A/C Seater / Sleeper (2+1),20:00,09h 00m,05:00,3.8,555,23 Seats available
Purnea to Patna (Bihar),https://www.redbus.in/bus-tickets/purnea-to-patna,Sri Krishna Tours and Travels,A/C Seater / Sleeper (2+2),21:00,08h 20m,05:20,3.2,INR 599,15 Seats available
Purnea to Patna (Bihar),https://www.redbus.in/bus-tickets/purnea-to-patna,Vivek Travels (yvts),A/C Seater/Sleeper (2+1),22:00,07h 20m,05:20,1.3,INR 650,16 Seats available
Purnea to Patna (Bihar),https://www.redbus.in/bus-tickets/purnea-to-patna,Sri Krishna Rath,A/C Seater / Sleeper (2+2),21:00,07h 15m,04:15,1.1,INR 449,24 Seats available
Purnea to Patna (Bihar),https://www.redbus.in/bus-tickets/purnea-to-patna,Shivam Travels,NON A/C Seater / Sleeper (2+2),20:30,08h 30m,05:00,1.1,INR 450,43 Seats available
Patna (Bihar) to Hazaribagh,https://www.redbus.in/bus-tickets/patna-to-hazaribagh,Bihar state road transport corporation (BSRTC) - 153594,AC Seater (2+2),20:41,07h 19m,04:00,3.0,INR 396,27 Seats available
Patna (Bihar) to Hazaribagh,https://www.redbus.in/bus-tickets/patna-to-hazaribagh,Rajdhani bus service,Non A/C Seater / Sleeper (2+1),18:30,07h 00m,01:30,3.3,555,13 Seats available
Patna (Bihar) to Hazaribagh,https://www.redbus.in/bus-tickets/patna-to-hazaribagh,Sri Sai ( Jharkhand Paryatak),A/C Seater / Sleeper (2+1),20:00,07h 30m,03:30,3.3,473,5 Seats available
Patna (Bihar) to Hazaribagh,https://www.redbus.in/bus-tickets/patna-to-hazaribagh,Rajdhani bus service,A/C Seater / Sleeper (2+1),20:05,04h 55m,01:00,3.9,648,22 Seats available
Patna (Bihar) to Hazaribagh,https://www.redbus.in/bus-tickets/patna-to-hazaribagh,Arzoo Travels,Bharat Benz A/C Seater /Sleeper (2+1),20:30,06h 00m,02:30,3.0,540,29 Seats available
Patna (Bihar) to Hazaribagh,https://www.redbus.in/bus-tickets/patna-to-hazaribagh,Mahuli Travels,A/C Seater/Sleeper (2+1),21:00,07h 00m,04:00,3.2,INR 642,33 Seats available
Patna (Bihar) to Hazaribagh,https://www.redbus.in/bus-tickets/patna-to-hazaribagh,Bhawani Travels,NON A/C Seater Push Back (2+2),13:35,07h 40m,21:15,2.3,INR 449,40 Seats available
Patna (Bihar) to Hazaribagh,https://www.redbus.in/bus-tickets/patna-to-hazaribagh,Sadhvi Rath,A/C Seater / Sleeper (2+1),20:40,06h 00m,02:40,2.1,540,48 Seats available
Patna (Bihar) to Hazaribagh,https://www.redbus.in/bus-tickets/patna-to-hazaribagh,Puja Rath,A/C Seater / Sleeper (2+1),21:00,06h 30m,03:30,1.8,540,20 Seats available
Patna (Bihar) to Hazaribagh,https://www.redbus.in/bus-tickets/patna-to-hazaribagh,MAA SHANTI TRAVELS,A/C Seater/Sleeper (2+1),21:25,06h 55m,04:20,4.8,675,27 Seats available
Patna (Bihar) to Hazaribagh,https://www.redbus.in/bus-tickets/patna-to-hazaribagh,Chandralok Travels,A/C Seater / Sleeper (2+1),21:20,07h 10m,04:30,2.2,INR 600,34 Seats available
Patna (Bihar) to Hazaribagh,https://www.redbus.in/bus-tickets/patna-to-hazaribagh,Tejas Maa Bhawani,Non AC Seater (2+2),21:30,05h 00m,02:30,2.0,INR 2000,41 Seats available
Patna (Bihar) to Hazaribagh,https://www.redbus.in/bus-tickets/patna-to-hazaribagh,Maharani Express,A/C Seater / Sleeper (2+2),18:00,06h 55m,00:55,2.3,720,36 Seats available
Patna (Bihar) to Hazaribagh,https://www.redbus.in/bus-tickets/patna-to-hazaribagh,Sri Krishna Rath,A/C Semi Sleeper / Sleeper (2+2),21:30,06h 15m,03:45,4.1,INR 500,72 Seats available
Patna (Bihar) to Hazaribagh,https://www.redbus.in/bus-tickets/patna-to-hazaribagh,Rekha Luxury,A/C Seater / Sleeper (2+1),20:00,08h 00m,04:00,4.3,INR 700,2 Seats available
Patna (Bihar) to Hazaribagh,https://www.redbus.in/bus-tickets/patna-to-hazaribagh,Divya Rath,A/C Sleeper (2+1),20:15,06h 45m,03:00,4.0,INR 1000,18 Seats available
Patna (Bihar) to Hazaribagh,https://www.redbus.in/bus-tickets/patna-to-hazaribagh,MAA SHANTI TRAVELS,A/C Seater / Sleeper (2+1),20:27,06h 48m,03:15,3.0,900,42 Seats available
Patna (Bihar) to Hazaribagh,https://www.redbus.in/bus-tickets/patna-to-hazaribagh,Pappu Travels (yvts),A/C Seater/Sleeper (2+1),21:30,06h 00m,03:30,4.0,INR 800,10 Seats available
Patna (Bihar) to Hazaribagh,https://www.redbus.in/bus-tickets/patna-to-hazaribagh,MAA SHANTI TRAVELS,Non A/C Seater / Sleeper (2+1),21:40,06h 05m,03:45,2.0,INR 1000,30 Seats available
Patna (Bihar) to Hazaribagh,https://www.redbus.in/bus-tickets/patna-to-hazaribagh,Sri Krishna Rath,A/C Seater/Sleeper (2+1),20:20,07h 25m,03:45,2.0,INR 1550,15 Seats available
Patna (Bihar) to Hazaribagh,https://www.redbus.in/bus-tickets/patna-to-hazaribagh,Tejas Maa Bhawani,AC Sleeper (2+1),21:30,05h 55m,03:25,0,INR 2500,2 Seats available
Patna (Bihar) to Hazaribagh,https://www.redbus.in/bus-tickets/patna-to-hazaribagh,Tejas Maa Bhawani,A/C Sleeper (2+1),21:30,06h 30m,04:00,0,INR 1300,2 Seats available
Patna (Bihar) to Hazaribagh,https://www.redbus.in/bus-tickets/patna-to-hazaribagh,Sri Krishna Rath,A/C Semi Sleeper / Sleeper (2+2),22:30,06h 15m,04:45,0,INR 700,76 Seats available
Patna (Bihar) to Darbhanga,https://www.redbus.in/bus-tickets/patna-to-darbhanga,Yogmaya,NON A/C Seater / Sleeper (2+2),20:45,05h 45m,02:30,3.7,INR 350,62 Seats available
Patna (Bihar) to Darbhanga,https://www.redbus.in/bus-tickets/patna-to-darbhanga,Sri Krishna Tours and Travels,A/C Seater Push Back (2+2),13:30,03h 55m,17:25,2.2,INR 330,16 Seats available
Patna (Bihar) to Darbhanga,https://www.redbus.in/bus-tickets/patna-to-darbhanga,Trimurti Travels,Tata A/C Seater (2+2),13:45,03h 30m,17:15,1.0,INR 300,45 Seats available
Patna (Bihar) to Darbhanga,https://www.redbus.in/bus-tickets/patna-to-darbhanga,Shiv Ganga Travels,NON A/C Seater (2+2),15:29,04h 01m,19:30,1.2,INR 300,36 Seats available
Patna (Bihar) to Darbhanga,https://www.redbus.in/bus-tickets/patna-to-darbhanga,Shiv Ganga Travels,NON A/C Seater (2+2),17:09,04h 21m,21:30,1.2,INR 300,34 Seats available
Patna (Bihar) to Darbhanga,https://www.redbus.in/bus-tickets/patna-to-darbhanga,Ayan Benz,A/C Seater / Sleeper (2+1),20:00,04h 30m,00:30,1.0,315,42 Seats available
Patna (Bihar) to Darbhanga,https://www.redbus.in/bus-tickets/patna-to-darbhanga,Sri Krishna Rath,A/C Semi Sleeper / Sleeper (2+2),20:00,03h 00m,23:00,1.6,INR 450,74 Seats available
Patna (Bihar) to Darbhanga,https://www.redbus.in/bus-tickets/patna-to-darbhanga,Sri Krishna Rath,A/C Semi Sleeper / Sleeper (2+2),21:00,03h 00m,00:00,1.6,438,20 Seats available
Patna (Bihar) to Darbhanga,https://www.redbus.in/bus-tickets/patna-to-darbhanga,Rukmanti (AT),A/C Seater / Sleeper (2+1),20:00,04h 00m,00:00,3.0,508,22 Seats available
Patna (Bihar) to Darbhanga,https://www.redbus.in/bus-tickets/patna-to-darbhanga,Sri Krishna Tours and Travels,A/C Seater / Sleeper (2+1),20:25,03h 20m,23:45,2.9,INR 650,32 Seats available
Patna (Bihar) to Darbhanga,https://www.redbus.in/bus-tickets/patna-to-darbhanga,Sri Krishna Tours and Travels,A/C Seater / Sleeper (2+2),20:30,03h 20m,23:50,2.9,INR 550,42 Seats available
Patna (Bihar) to Darbhanga,https://www.redbus.in/bus-tickets/patna-to-darbhanga,Krishna Airwings,A/C Seater / Sleeper (2+2),20:30,03h 00m,23:30,1.0,INR 500,59 Seats available
Patna (Bihar) to Darbhanga,https://www.redbus.in/bus-tickets/patna-to-darbhanga,MAA SHANTI TRAVELS,A/C Seater / Sleeper (2+1),21:25,03h 55m,01:20,2.8,630,28 Seats available
Patna (Bihar) to Darbhanga,https://www.redbus.in/bus-tickets/patna-to-darbhanga,MAA SHANTI TRAVELS,A/C Seater / Sleeper (2+1),22:10,03h 10m,01:20,2.4,630,20 Seats available
Patna (Bihar) to Ranchi,https://www.redbus.in/bus-tickets/patna-to-ranchi,Bihar state road transport corporation (BSRTC) - 153594,AC Seater (2+2),20:41,09h 19m,06:00,2.4,INR 525,25 Seats available
Patna (Bihar) to Ranchi,https://www.redbus.in/bus-tickets/patna-to-ranchi,Rekha Luxury,A/C Seater / Sleeper (2+1),20:00,10h 00m,06:00,4.1,INR 580,3 Seats available
Patna (Bihar) to Ranchi,https://www.redbus.in/bus-tickets/patna-to-ranchi,Prithvi Vahan,Bharat Benz A/C Sleeper (2+1),20:15,08h 45m,05:00,4.5,810,7 Seats available
Patna (Bihar) to Ranchi,https://www.redbus.in/bus-tickets/patna-to-ranchi,VIJAY RATH,A/C Seater / Sleeper (2+1),19:16,09h 29m,04:45,4.5,INR 735,20 Seats available
Patna (Bihar) to Ranchi,https://www.redbus.in/bus-tickets/patna-to-ranchi,MAA SHANTI TRAVELS,A/C Seater / Sleeper (2+1),20:27,07h 48m,04:15,4.4,925,1 Seat available
Patna (Bihar) to Ranchi,https://www.redbus.in/bus-tickets/patna-to-ranchi,Divya Rath,A/C Sleeper (2+1),20:15,08h 15m,04:30,4.2,INR 1200,10 Seats available
Patna (Bihar) to Ranchi,https://www.redbus.in/bus-tickets/patna-to-ranchi,MAA SHANTI TRAVELS,A/C Seater/Sleeper (2+1),21:25,09h 20m,06:45,3.7,675,23 Seats available
Patna (Bihar) to Ranchi,https://www.redbus.in/bus-tickets/patna-to-ranchi,Arzoo Travels,Bharat Benz A/C Seater /Sleeper (2+1),20:30,09h 00m,05:30,3.2,540,19 Seats available
Patna (Bihar) to Ranchi,https://www.redbus.in/bus-tickets/patna-to-ranchi,Mahuli Travels,A/C Seater/Sleeper (2+1),21:00,09h 00m,06:00,3.7,INR 650,26 Seats available
Patna (Bihar) to Ranchi,https://www.redbus.in/bus-tickets/patna-to-ranchi,MAA SHANTI TRAVELS,A/C Seater / Sleeper (2+1),21:40,07h 35m,05:15,3.9,INR 900,30 Seats available
Patna (Bihar) to Ranchi,https://www.redbus.in/bus-tickets/patna-to-ranchi,Sri Sai ( Jharkhand Paryatak),A/C Seater / Sleeper (2+1),20:00,08h 30m,04:30,3.7,473,5 Seats available
Patna (Bihar) to Ranchi,https://www.redbus.in/bus-tickets/patna-to-ranchi,Pihu (yvts),A/C Seater / Sleeper (2+1),19:30,08h 40m,04:10,3.0,INR 700,2 Seats available
Patna (Bihar) to Ranchi,https://www.redbus.in/bus-tickets/patna-to-ranchi,Yarana Travels,NON AC Seater / Sleeper 2+1,18:01,08h 59m,03:00,3.1,INR 550,14 Seats available
Patna (Bihar) to Ranchi,https://www.redbus.in/bus-tickets/patna-to-ranchi,Pappu Travels (yvts),A/C Seater/Sleeper (2+1),21:30,08h 30m,06:00,3.0,INR 800,5 Seats available
Patna (Bihar) to Ranchi,https://www.redbus.in/bus-tickets/patna-to-ranchi,Puja Rath,A/C Seater / Sleeper (2+1),21:00,08h 40m,05:40,2.8,540,19 Seats available
Patna (Bihar) to Ranchi,https://www.redbus.in/bus-tickets/patna-to-ranchi,Chandralok Travels,A/C Seater / Sleeper (2+1),21:20,08h 50m,06:10,2.5,INR 600,34 Seats available
Patna (Bihar) to Ranchi,https://www.redbus.in/bus-tickets/patna-to-ranchi,Maa Bhawani Travels,A/C Seater / Sleeper (2+1),21:45,07h 45m,05:30,2.4,540,19 Seats available
Patna (Bihar) to Ranchi,https://www.redbus.in/bus-tickets/patna-to-ranchi,JGD Travels Pvt Ltd.,Bharat Benz A/C Sleeper (2+1),20:15,08h 10m,04:25,1.9,990,2 Seats available
Patna (Bihar) to Ranchi,https://www.redbus.in/bus-tickets/patna-to-ranchi,Tejas Maa Bhawani,Non AC Seater (2+2),21:30,08h 00m,05:30,2.7,INR 2000,41 Seats available
Patna (Bihar) to Ranchi,https://www.redbus.in/bus-tickets/patna-to-ranchi,Maharani Express,A/C Seater / Sleeper (2+2),18:00,09h 45m,03:45,2.0,720,24 Seats available
Patna (Bihar) to Ranchi,https://www.redbus.in/bus-tickets/patna-to-ranchi,Rajdhani bus service,Non A/C Seater / Sleeper (2+1),18:30,08h 45m,03:15,2.1,555,14 Seats available
Patna (Bihar) to Ranchi,https://www.redbus.in/bus-tickets/patna-to-ranchi,Tejas Maa Bhawani,A/C Sleeper (2+1),21:30,08h 30m,06:00,1.9,INR 1300,1 Seat available
Patna (Bihar) to Ranchi,https://www.redbus.in/bus-tickets/patna-to-ranchi,Tejas Maa Bhawani,AC Sleeper (2+1),21:30,08h 30m,06:00,2.7,INR 2500,2 Seats available
Patna (Bihar) to Ranchi,https://www.redbus.in/bus-tickets/patna-to-ranchi,Udan Pari Dlx,A/C Seater / Sleeper (2+1),19:00,09h 00m,04:00,1.3,INR 900,1 Seat available
Patna (Bihar) to Ranchi,https://www.redbus.in/bus-tickets/patna-to-ranchi,Jai Mata Di Tour and Travels,A/C Seater / Sleeper (2+2),21:30,08h 30m,06:00,2.4,INR 750,3 Seats available
Patna (Bihar) to Ranchi,https://www.redbus.in/bus-tickets/patna-to-ranchi,Sri Krishna Rath,A/C Semi Sleeper / Sleeper (2+2),21:30,07h 15m,04:45,0,INR 500,20 Seats available
Patna (Bihar) to Ranchi,https://www.redbus.in/bus-tickets/patna-to-ranchi,Sri Krishna Rath,A/C Semi Sleeper / Sleeper (2+2),22:30,07h 15m,05:45,0,INR 700,18 Seats available
Patna (Bihar) to Ranchi,https://www.redbus.in/bus-tickets/patna-to-ranchi,Sri Krishna Rath,A/C Seater/Sleeper (2+1),20:20,08h 25m,04:45,0,INR 1550,15 Seats available
Patna (Bihar) to Araria (Bihar),https://www.redbus.in/bus-tickets/patna-to-araria,Bihar state road transport corporation (BSRTC) - 142847,AC Seater (2+2),21:25,07h 10m,04:35,2.9,INR 468,29 Seats available
Patna (Bihar) to Araria (Bihar),https://www.redbus.in/bus-tickets/patna-to-araria,MAA SHANTI TRAVELS,A/C Seater / Sleeper (2+1),21:25,08h 05m,05:30,3.8,630,14 Seats available
Patna (Bihar) to Araria (Bihar),https://www.redbus.in/bus-tickets/patna-to-araria,Divya Rath,A/C Sleeper (2+1),20:45,08h 00m,04:45,4.3,INR 700,9 Seats available
Patna (Bihar) to Araria (Bihar),https://www.redbus.in/bus-tickets/patna-to-araria,Sadhvi Rath,A/C Seater / Sleeper (2+1),20:20,08h 50m,05:10,3.2,513,23 Seats available
Patna (Bihar) to Araria (Bihar),https://www.redbus.in/bus-tickets/patna-to-araria,AITIANA CRUISELINERS,Bharat Benz A/C Seater /Sleeper (2+1),20:20,08h 10m,04:30,3.5,INR 500,9 Seats available
Patna (Bihar) to Araria (Bihar),https://www.redbus.in/bus-tickets/patna-to-araria,Hawa Hawai,A/C Seater / Sleeper (2+1),20:00,08h 00m,04:00,3.0,540,8 Seats available
Patna (Bihar) to Araria (Bihar),https://www.redbus.in/bus-tickets/patna-to-araria,Mahuli Travels,A/C Seater/Sleeper (2+1),20:50,07h 55m,04:45,3.7,INR 500,23 Seats available
Patna (Bihar) to Araria (Bihar),https://www.redbus.in/bus-tickets/patna-to-araria,MAA SHANTI TRAVELS,A/C Seater / Sleeper (2+1),22:10,07h 15m,05:25,3.7,630,15 Seats available
Patna (Bihar) to Araria (Bihar),https://www.redbus.in/bus-tickets/patna-to-araria,Maa Satyabhama Rath,A/C Seater / Sleeper (2+1),21:00,08h 30m,05:30,4.0,INR 600,17 Seats available
Patna (Bihar) to Araria (Bihar),https://www.redbus.in/bus-tickets/patna-to-araria,Shatabdi Travels,A/C Seater / Sleeper (2+1),21:00,08h 00m,05:00,3.7,INR 600,17 Seats available
Patna (Bihar) to Araria (Bihar),https://www.redbus.in/bus-tickets/patna-to-araria,Shri Sai Krishna Luxury,A/C Seater / Sleeper (2+1),21:15,08h 30m,05:45,3.9,INR 600,45 Seats available
Patna (Bihar) to Araria (Bihar),https://www.redbus.in/bus-tickets/patna-to-araria,Sri Krishna Tours and Travels,A/C Seater / Sleeper (2+2),20:30,08h 25m,04:55,3.2,INR 600,29 Seats available
Patna (Bihar) to Araria (Bihar),https://www.redbus.in/bus-tickets/patna-to-araria,Sri Krishna Rath,A/C Semi Sleeper / Sleeper (2+2),21:00,08h 45m,05:45,1.6,INR 500,20 Seats available
Patna (Bihar) to Araria (Bihar),https://www.redbus.in/bus-tickets/patna-to-araria,Sri Krishna Rath,A/C Seater / Sleeper (2+2),21:00,08h 45m,05:45,1.6,INR 500,62 Seats available
Patna (Bihar) to Araria (Bihar),https://www.redbus.in/bus-tickets/patna-to-araria,Sri Krishna Rath,A/C Semi Sleeper / Sleeper (2+2),20:00,08h 45m,04:45,1.6,INR 450,76 Seats available
Muzaffarpur (Bihar) to Hazaribagh,https://www.redbus.in/bus-tickets/muzaffarpur-to-hazaribagh,Bihar state road transport corporation (BSRTC) - 153594,AC Seater (2+2),18:00,10h 00m,04:00,3.9,INR 484,26 Seats available
Muzaffarpur (Bihar) to Hazaribagh,https://www.redbus.in/bus-tickets/muzaffarpur-to-hazaribagh,Pawapuri Motors,A/C Seater / Sleeper (2+1),17:30,09h 30m,03:00,2.8,675,14 Seats available
Muzaffarpur (Bihar) to Hazaribagh,https://www.redbus.in/bus-tickets/muzaffarpur-to-hazaribagh,Tejas Maa Bhawani,AC Sleeper (2+1),18:45,08h 40m,03:25,2.0,INR 2500,2 Seats available
Muzaffarpur (Bihar) to Hazaribagh,https://www.redbus.in/bus-tickets/muzaffarpur-to-hazaribagh,Tejas Maa Bhawani,A/C Sleeper (2+1),19:05,08h 55m,04:00,2.0,INR 1300,2 Seats available
Muzaffarpur (Bihar) to Hazaribagh,https://www.redbus.in/bus-tickets/muzaffarpur-to-hazaribagh,Tejas Maa Bhawani,Non AC Seater (2+2),18:30,08h 00m,02:30,2.0,INR 2000,41 Seats available
Patna (Bihar) to Saharsa,https://www.redbus.in/bus-tickets/patna-to-saharsa,Bihar state road transport corporation (BSRTC) - 152896,Non AC Seater (2+2),21:59,08h 01m,06:00,3.2,INR 400,7 Seats available
Patna (Bihar) to Saharsa,https://www.redbus.in/bus-tickets/patna-to-saharsa,Rukmanti (AT),A/C Seater / Sleeper (2+1),20:00,09h 00m,05:00,2.9,508,22 Seats available
Patna (Bihar) to Saharsa,https://www.redbus.in/bus-tickets/patna-to-saharsa,Tiwari Motors,A/C Seater / Sleeper (2+1),20:00,09h 05m,05:05,2.0,INR 499,53 Seats available
Patna (Bihar) to Saharsa,https://www.redbus.in/bus-tickets/patna-to-saharsa,Sri Krishna Rath,A/C Semi Sleeper / Sleeper (2+2),20:00,07h 30m,03:30,1.6,INR 650,27 Seats available
Patna (Bihar) to Saharsa,https://www.redbus.in/bus-tickets/patna-to-saharsa,Raj Rath,A/C Seater / Sleeper (2+2),21:00,09h 00m,06:00,2.5,INR 425,24 Seats available
Patna (Bihar) to Saharsa,https://www.redbus.in/bus-tickets/patna-to-saharsa,Sri Krishna Rath,A/C Semi Sleeper / Sleeper (2+2),21:00,07h 30m,04:30,1.6,INR 700,20 Seats available
Katihar to Patna (Bihar),https://www.redbus.in/bus-tickets/katihar-to-patna,Bihar state road transport corporation (BSRTC) - 156563,AC Seater (2+2),18:00,10h 00m,04:00,3.5,INR 468,33 Seats available
Katihar to Patna (Bihar),https://www.redbus.in/bus-tickets/katihar-to-patna,SOBHA TRAVELS (A.T),A/C Seater / Sleeper (2+1),20:00,09h 00m,05:00,1.8,INR 550,30 Seats available
Gopalganj (Bihar) to Lucknow,https://www.redbus.in/bus-tickets/gopalganj-to-lucknow,MISHRA BANDHU BUS SERVICE,A/C Seater / Sleeper (2+1),19:15,08h 59m,04:14,2.2,INR 849,25 Seats available
Gopalganj (Bihar) to Lucknow,https://www.redbus.in/bus-tickets/gopalganj-to-lucknow,Panwar Travels,A/C Seater / Sleeper (2+1),23:10,07h 10m,06:20,2.7,931,21 Seats available
Gopalganj (Bihar) to Lucknow,https://www.redbus.in/bus-tickets/gopalganj-to-lucknow,Chandani Travels,A/C Seater / Sleeper (2+2),18:00,07h 20m,01:20,2.7,INR 1599,38 Seats available
Gopalganj (Bihar) to Lucknow,https://www.redbus.in/bus-tickets/gopalganj-to-lucknow,Armaan Tour & Travels,A/C Seater / Sleeper (2+1),16:50,08h 40m,01:30,2.6,1849,12 Seats available
Gopalganj (Bihar) to Lucknow,https://www.redbus.in/bus-tickets/gopalganj-to-lucknow,Shree Raj Akanshi travels,A/C Seater / Sleeper (2+1),13:50,07h 25m,21:15,3.8,INR 1999,38 Seats available
Gopalganj (Bihar) to Lucknow,https://www.redbus.in/bus-tickets/gopalganj-to-lucknow,Thar Bus Service,A/C Sleeper (2+1),20:35,07h 05m,03:40,1.3,INR 9522.86,34 Seats available
Gopalganj (Bihar) to Lucknow,https://www.redbus.in/bus-tickets/gopalganj-to-lucknow,Shree Balajee Travels And Cargo,A/C Seater / Sleeper (2+1),17:00,08h 00m,01:00,1.3,1709,47 Seats available
Gopalganj (Bihar) to Lucknow,https://www.redbus.in/bus-tickets/gopalganj-to-lucknow,Shree Balajee Travels And Cargo,A/C Sleeper (2+1),23:01,05h 00m,04:01,2.7,1799,36 Seats available
Gopalganj (Bihar) to Lucknow,https://www.redbus.in/bus-tickets/gopalganj-to-lucknow,Chandani Travels,A/C Seater / Sleeper (2+2),17:00,08h 00m,01:00,2.4,INR 1399,43 Seats available
Gopalganj (Bihar) to Lucknow,https://www.redbus.in/bus-tickets/gopalganj-to-lucknow,Bhumi Travels,A/C Seater / Sleeper (2+2),15:30,08h 15m,23:45,1.3,INR 1699,41 Seats available
Gopalganj (Bihar) to Lucknow,https://www.redbus.in/bus-tickets/gopalganj-to-lucknow,Shree Balajee Travels And Cargo,A/C Seater / Sleeper (2+2),20:00,07h 30m,03:30,1.9,1709,72 Seats available
Gopalganj (Bihar) to Lucknow,https://www.redbus.in/bus-tickets/gopalganj-to-lucknow,Jay Maa Kali Travels,Bharat Benz A/C Seater / Sleeper (2+2),16:00,08h 30m,00:30,1.4,INR 1499,31 Seats available
Gopalganj (Bihar) to Lucknow,https://www.redbus.in/bus-tickets/gopalganj-to-lucknow,Panwar tour and Travels,A/C Seater / Sleeper (2+2),15:40,10h 20m,02:00,1.6,2339,45 Seats available
Gopalganj (Bihar) to Lucknow,https://www.redbus.in/bus-tickets/gopalganj-to-lucknow,Travel Point World LLP,A/C Seater / Sleeper (2+2),20:20,07h 00m,03:20,1.6,1709,37 Seats available
Gopalganj (Bihar) to Lucknow,https://www.redbus.in/bus-tickets/gopalganj-to-lucknow,Baba Khatushyam Travels Pvt Ltd,A/C Seater / Sleeper (3+1),19:00,08h 00m,03:00,1.5,INR 1199,42 Seats available
Gopalganj (Bihar) to Lucknow,https://www.redbus.in/bus-tickets/gopalganj-to-lucknow,Kusum Travels and Logistics,A/C Seater / Sleeper (2+1),17:30,08h 15m,01:45,1.4,INR 2380.95,40 Seats available
Gopalganj (Bihar) to Lucknow,https://www.redbus.in/bus-tickets/gopalganj-to-lucknow,Panwar tour and Travels,A/C Seater / Sleeper (2+1),15:40,10h 20m,02:00,0,2339,35 Seats available
Patna (Bihar) to Forbesganj,https://www.redbus.in/bus-tickets/patna-to-forbesganj,Bihar state road transport corporation (BSRTC) - 142847,AC Seater (2+2),21:25,06h 35m,04:00,3.7,INR 450,29 Seats available
Patna (Bihar) to Forbesganj,https://www.redbus.in/bus-tickets/patna-to-forbesganj,MAA SHANTI TRAVELS,A/C Seater / Sleeper (2+1),21:25,07h 00m,04:25,3.9,630,20 Seats available
Patna (Bihar) to Forbesganj,https://www.redbus.in/bus-tickets/patna-to-forbesganj,Divya Rath,A/C Sleeper (2+1),20:45,07h 00m,03:45,4.6,INR 700,12 Seats available
Patna (Bihar) to Forbesganj,https://www.redbus.in/bus-tickets/patna-to-forbesganj,Mahuli Travels,A/C Seater/Sleeper (2+1),20:50,07h 10m,04:00,3.7,INR 500,23 Seats available
Patna (Bihar) to Forbesganj,https://www.redbus.in/bus-tickets/patna-to-forbesganj,Raj Bus Services,Bharat Benz A/C Seater /Sleeper (2+1),20:35,07h 30m,04:05,3.4,463,12 Seats available
Patna (Bihar) to Forbesganj,https://www.redbus.in/bus-tickets/patna-to-forbesganj,Raj Bus Services,A/C Seater / Sleeper (2+1),19:25,08h 40m,04:05,3.4,463,13 Seats available
Patna (Bihar) to Forbesganj,https://www.redbus.in/bus-tickets/patna-to-forbesganj,Sadhvi Rath,A/C Seater / Sleeper (2+1),20:20,06h 45m,03:05,3.1,513,26 Seats available
Patna (Bihar) to Forbesganj,https://www.redbus.in/bus-tickets/patna-to-forbesganj,Raj Bus Services,Bharat Benz A/C Seater /Sleeper (2+1),18:25,07h 50m,02:15,3.4,463,6 Seats available
Patna (Bihar) to Forbesganj,https://www.redbus.in/bus-tickets/patna-to-forbesganj,MAA SHANTI TRAVELS,A/C Seater / Sleeper (2+1),22:10,06h 50m,05:00,4.2,630,15 Seats available
Patna (Bihar) to Forbesganj,https://www.redbus.in/bus-tickets/patna-to-forbesganj,Maa Satyabhama Rath,A/C Seater / Sleeper (2+1),21:00,07h 45m,04:45,3.6,INR 600,19 Seats available
Patna (Bihar) to Forbesganj,https://www.redbus.in/bus-tickets/patna-to-forbesganj,Shatabdi Travels,A/C Seater / Sleeper (2+1),21:00,07h 45m,04:45,2.5,INR 600,17 Seats available
Patna (Bihar) to Forbesganj,https://www.redbus.in/bus-tickets/patna-to-forbesganj,Shri Sai Krishna Luxury,A/C Seater / Sleeper (2+1),21:15,07h 30m,04:45,2.2,INR 600,45 Seats available
Patna (Bihar) to Forbesganj,https://www.redbus.in/bus-tickets/patna-to-forbesganj,Sri Krishna Tours and Travels,A/C Seater / Sleeper (2+2),20:30,07h 40m,04:10,3.2,INR 600,20 Seats available
Patna (Bihar) to Forbesganj,https://www.redbus.in/bus-tickets/patna-to-forbesganj,Sri Krishna Rath,A/C Semi Sleeper / Sleeper (2+2),21:00,07h 30m,04:30,1.6,INR 450,20 Seats available
Patna (Bihar) to Forbesganj,https://www.redbus.in/bus-tickets/patna-to-forbesganj,Sri Krishna Rath,A/C Seater / Sleeper (2+2),21:00,07h 30m,04:30,1.6,INR 450,62 Seats available
Patna (Bihar) to Forbesganj,https://www.redbus.in/bus-tickets/patna-to-forbesganj,Sri Krishna Rath,A/C Semi Sleeper / Sleeper (2+2),20:00,07h 30m,03:30,1.6,INR 400,27 Seats available
Lucknow to Gopalganj (Bihar),https://www.redbus.in/bus-tickets/lucknow-to-gopalganj,Bihar state road transport corporation (BSRTC) - 152185,Volvo AC Seater 2+2,22:30,07h 30m,06:00,3.4,INR 700,19 Seats available
Lucknow to Gopalganj (Bihar),https://www.redbus.in/bus-tickets/lucknow-to-gopalganj,Samay Shatabdi Travels Pvt Ltd,AC Sleeper (2+1),21:00,06h 45m,03:45,2.9,INR 1499,30 Seats available
Lucknow to Gopalganj (Bihar),https://www.redbus.in/bus-tickets/lucknow-to-gopalganj,MISHRA BANDHU BUS SERVICE,A/C Seater / Sleeper (2+1),21:30,07h 30m,05:00,2.5,INR 849,18 Seats available
Lucknow to Gopalganj (Bihar),https://www.redbus.in/bus-tickets/lucknow-to-gopalganj,Gorakhdham Express Bus Service,A/C Seater / Sleeper (2+2),23:55,07h 35m,07:30,1.3,INR 655,29 Seats available
Lucknow to Gopalganj (Bihar),https://www.redbus.in/bus-tickets/lucknow-to-gopalganj,Panwar Travels,A/C Seater / Sleeper (2+1),21:30,06h 35m,04:05,2.7,998,34 Seats available
Lucknow to Gopalganj (Bihar),https://www.redbus.in/bus-tickets/lucknow-to-gopalganj,Apex Bus Travels,A/C Seater / Sleeper (2+2),23:00,09h 30m,08:30,1.5,1799,52 Seats available
Lucknow to Gopalganj (Bihar),https://www.redbus.in/bus-tickets/lucknow-to-gopalganj,Shree Balajee Travels And Cargo,A/C Seater / Sleeper (2+1),23:30,08h 00m,07:30,1.3,1349,47 Seats available
Lucknow to Gopalganj (Bihar),https://www.redbus.in/bus-tickets/lucknow-to-gopalganj,Maa Laxmi Bihar Express,Non A/C Seater / Sleeper (2+1),22:30,09h 30m,08:00,1.3,INR 2500,5 Seats available
Lucknow to Gopalganj (Bihar),https://www.redbus.in/bus-tickets/lucknow-to-gopalganj,Amar Jyoti Travels,A/C Seater / Sleeper (2+2),23:59,07h 01m,07:00,1.2,INR 2500,26 Seats available
Lucknow to Gopalganj (Bihar),https://www.redbus.in/bus-tickets/lucknow-to-gopalganj,New India Bus Service,A/C Seater / Sleeper (2+2),23:30,07h 30m,07:00,1.0,1804,24 Seats available
Hazaribagh to Muzaffarpur (Bihar),https://www.redbus.in/bus-tickets/hazaribagh-to-muzaffarpur,Bihar state road transport corporation (BSRTC) - 153614,AC Seater (2+2),23:15,08h 15m,07:30,2.8,INR 484,26 Seats available
Hazaribagh to Muzaffarpur (Bihar),https://www.redbus.in/bus-tickets/hazaribagh-to-muzaffarpur,Pawapuri Motors,A/C Seater / Sleeper (2+1),21:45,08h 00m,05:45,1.5,765,7 Seats available
Hazaribagh to Muzaffarpur (Bihar),https://www.redbus.in/bus-tickets/hazaribagh-to-muzaffarpur,Tejas Maa Bhawani,A/C Seater / Sleeper (2+2),21:35,07h 55m,05:30,2.0,INR 899,6 Seats available
Hazaribagh to Muzaffarpur (Bihar),https://www.redbus.in/bus-tickets/hazaribagh-to-muzaffarpur,Tejas Maa Bhawani,A/C Sleeper (2+1),21:45,07h 30m,05:15,2.0,INR 799,26 Seats available
Hazaribagh to Muzaffarpur (Bihar),https://www.redbus.in/bus-tickets/hazaribagh-to-muzaffarpur,Tejas Maa Bhawani,Non AC Seater (2+2),21:00,08h 30m,05:30,2.0,INR 725,21 Seats available
Motihari to Lucknow,https://www.redbus.in/bus-tickets/motihari-to-lucknow,Panwar Travels,A/C Seater / Sleeper (2+1),21:35,08h 45m,06:20,4.3,931,21 Seats available
Motihari to Lucknow,https://www.redbus.in/bus-tickets/motihari-to-lucknow,MISHRA BANDHU BUS SERVICE,A/C Seater / Sleeper (2+1),16:55,11h 19m,04:14,3.1,INR 899,15 Seats available
Motihari to Lucknow,https://www.redbus.in/bus-tickets/motihari-to-lucknow,Baba Khatushyam Travels Pvt Ltd,A/C Seater / Sleeper (3+1),17:35,09h 25m,03:00,1.6,INR 1199,36 Seats available
Motihari to Lucknow,https://www.redbus.in/bus-tickets/motihari-to-lucknow,Travel Point World LLP,A/C Seater / Sleeper (2+2),18:20,09h 00m,03:20,1.6,1709,37 Seats available
Motihari to Lucknow,https://www.redbus.in/bus-tickets/motihari-to-lucknow,Shree Balajee Travels And Cargo,A/C Seater / Sleeper (2+1),15:00,10h 00m,01:00,1.3,1709,47 Seats available
Motihari to Lucknow,https://www.redbus.in/bus-tickets/motihari-to-lucknow,Shree Balajee Travels And Cargo,A/C Sleeper (2+1),21:31,06h 30m,04:01,1.3,1799,36 Seats available
Ranchi to Bihar Sharif,https://www.redbus.in/bus-tickets/ranchi-to-bihar-sharif,Bihar state road transport corporation (BSRTC) - 153614,AC Seater (2+2),20:55,06h 35m,03:30,2.7,INR 396,24 Seats available
Ranchi to Bihar Sharif,https://www.redbus.in/bus-tickets/ranchi-to-bihar-sharif,MAA SHANTI TRAVELS,A/C Seater/Sleeper (2+1),21:00,07h 45m,04:45,3.9,585,18 Seats available
Ranchi to Bihar Sharif,https://www.redbus.in/bus-tickets/ranchi-to-bihar-sharif,VIJAY RATH,A/C Seater / Sleeper (2+1),22:00,06h 00m,04:00,2.7,698,13 Seats available
Ranchi to Bihar Sharif,https://www.redbus.in/bus-tickets/ranchi-to-bihar-sharif,MAA SHANTI TRAVELS,A/C Seater / Sleeper (2+1),22:20,06h 20m,04:40,2.8,833,19 Seats available
Ranchi to Bihar Sharif,https://www.redbus.in/bus-tickets/ranchi-to-bihar-sharif,Rajdhani bus service,Non A/C Seater / Sleeper (2+1),21:40,05h 50m,03:30,3.3,555,29 Seats available
Ranchi to Bihar Sharif,https://www.redbus.in/bus-tickets/ranchi-to-bihar-sharif,Mahuli Travels,A/C Seater/Sleeper (2+1),21:15,06h 35m,03:50,2.4,INR 550,46 Seats available
Ranchi to Bihar Sharif,https://www.redbus.in/bus-tickets/ranchi-to-bihar-sharif,Chandralok Travels,A/C Seater / Sleeper (2+1),21:35,06h 25m,04:00,1.0,INR 525,43 Seats available
Ranchi to Bihar Sharif,https://www.redbus.in/bus-tickets/ranchi-to-bihar-sharif,Sri Sai ( Jharkhand Paryatak),A/C Seater / Sleeper (2+1),21:15,06h 15m,03:30,3.9,INR 475,9 Seats available
Ranchi to Bihar Sharif,https://www.redbus.in/bus-tickets/ranchi-to-bihar-sharif,JGD Travels Pvt Ltd.,Bharat Benz A/C Sleeper (2+1),20:35,05h 40m,02:15,3.0,990,4 Seats available
Ranchi to Bihar Sharif,https://www.redbus.in/bus-tickets/ranchi-to-bihar-sharif,Toofan Deluxe,A/C Seater / Sleeper (2+2),18:30,06h 30m,01:00,2.4,INR 600,32 Seats available
Ranchi to Bihar Sharif,https://www.redbus.in/bus-tickets/ranchi-to-bihar-sharif,Tejas Maa Bhawani,A/C Seater / Sleeper (2+2),18:15,07h 45m,02:00,2.0,INR 899,6 Seats available
Ranchi to Bihar Sharif,https://www.redbus.in/bus-tickets/ranchi-to-bihar-sharif,Sri Krishna Rath,A/C Seater / Sleeper (2+2),22:00,07h 30m,05:30,0,INR 500,62 Seats available
Ranchi to Bihar Sharif,https://www.redbus.in/bus-tickets/ranchi-to-bihar-sharif,Sri Krishna Rath,A/C Seater / Sleeper (2+2),22:00,07h 00m,05:00,0,INR 550,62 Seats available
Ranchi to Bihar Sharif,https://www.redbus.in/bus-tickets/ranchi-to-bihar-sharif,Sri Krishna Rath,A/C Sleeper (2+2),22:30,07h 00m,05:30,0,INR 550,49 Seats available
Motihari to Agra,https://www.redbus.in/bus-tickets/motihari-to-agra,Panwar Travels,A/C Seater / Sleeper (2+1),15:40,14h 35m,06:15,2.7,3325,31 Seats available
Motihari to Agra,https://www.redbus.in/bus-tickets/motihari-to-agra,Baba Khatushyam Travels Pvt Ltd,A/C Seater / Sleeper (3+1),17:35,13h 55m,07:30,1.6,INR 1499,2 Seats available
Motihari to Agra,https://www.redbus.in/bus-tickets/motihari-to-agra,Travel Point World LLP,A/C Seater / Sleeper (2+2),18:20,12h 30m,06:50,1.6,1709,37 Seats available
Motihari to Agra,https://www.redbus.in/bus-tickets/motihari-to-agra,Shree Balajee Travels And Cargo,A/C Seater / Sleeper (2+1),15:00,15h 43m,06:43,1.3,1709,35 Seats available
Patna (Bihar) to Muzaffarpur (Bihar),https://www.redbus.in/bus-tickets/patna-to-muzaffarpur,Bihar state road transport corporation (BSRTC) - 160830,Non AC Seater (2+3),21:30,02h 31m,00:01,3.2,INR 129,52 Seats available
Patna (Bihar) to Muzaffarpur (Bihar),https://www.redbus.in/bus-tickets/patna-to-muzaffarpur,Rohit Sewa,NON A/C Seater (2+2),14:06,02h 00m,16:06,3.0,INR 130,42 Seats available
Patna (Bihar) to Muzaffarpur (Bihar),https://www.redbus.in/bus-tickets/patna-to-muzaffarpur,Rohit Sewa,NON A/C Seater (2+2),14:09,02h 00m,16:09,3.0,INR 130,42 Seats available
Patna (Bihar) to Muzaffarpur (Bihar),https://www.redbus.in/bus-tickets/patna-to-muzaffarpur,Rohit Sewa,NON A/C Seater (2+2),14:25,02h 00m,16:25,3.0,INR 130,42 Seats available
Patna (Bihar) to Muzaffarpur (Bihar),https://www.redbus.in/bus-tickets/patna-to-muzaffarpur,Rohit Sewa,NON A/C Seater (2+2),17:16,02h 00m,19:16,3.0,INR 130,42 Seats available
Patna (Bihar) to Muzaffarpur (Bihar),https://www.redbus.in/bus-tickets/patna-to-muzaffarpur,Rohit Sewa,NON A/C Seater (2+2),17:40,02h 00m,19:40,3.0,INR 130,42 Seats available
Patna (Bihar) to Muzaffarpur (Bihar),https://www.redbus.in/bus-tickets/patna-to-muzaffarpur,Aman Rath,A/C Seater / Sleeper (2+1),20:15,02h 00m,22:15,4.0,450,13 Seats available
Patna (Bihar) to Muzaffarpur (Bihar),https://www.redbus.in/bus-tickets/patna-to-muzaffarpur,Rohit Sewa,NON A/C Seater (2+2),18:04,02h 00m,20:04,3.0,INR 130,42 Seats available
Patna (Bihar) to Muzaffarpur (Bihar),https://www.redbus.in/bus-tickets/patna-to-muzaffarpur,Rohit Sewa,NON A/C Seater (2+2),18:14,02h 00m,20:14,3.0,INR 130,42 Seats available
Patna (Bihar) to Muzaffarpur (Bihar),https://www.redbus.in/bus-tickets/patna-to-muzaffarpur,Rohit Sewa,NON A/C Seater (2+2),19:17,02h 00m,21:17,3.0,INR 130,40 Seats available
Patna (Bihar) to Muzaffarpur (Bihar),https://www.redbus.in/bus-tickets/patna-to-muzaffarpur,Rohit Sewa,NON A/C Seater (2+2),20:32,02h 00m,22:32,3.0,INR 130,42 Seats available
Patna (Bihar) to Muzaffarpur (Bihar),https://www.redbus.in/bus-tickets/patna-to-muzaffarpur,Sadhvi Rath,A/C Seater / Sleeper (2+1),20:20,02h 00m,22:20,3.1,513,48 Seats available
Patna (Bihar) to Muzaffarpur (Bihar),https://www.redbus.in/bus-tickets/patna-to-muzaffarpur,Super Pandav,Non AC Seater (2+2),13:33,02h 00m,15:33,2.0,INR 180,45 Seats available
Patna (Bihar) to Muzaffarpur (Bihar),https://www.redbus.in/bus-tickets/patna-to-muzaffarpur,Ayan Benz,A/C Seater / Sleeper (2+1),20:00,03h 00m,23:00,1.6,315,42 Seats available
Patna (Bihar) to Muzaffarpur (Bihar),https://www.redbus.in/bus-tickets/patna-to-muzaffarpur,Alok Travels,A/C Seater (2+2),15:00,02h 00m,17:00,1.6,INR 150,41 Seats available
Patna (Bihar) to Muzaffarpur (Bihar),https://www.redbus.in/bus-tickets/patna-to-muzaffarpur,Jai Jagdish Shiv Dulari,Leyland A/C Seater Executive (2+2),15:30,02h 30m,18:00,1.2,INR 150,53 Seats available
Patna (Bihar) to Muzaffarpur (Bihar),https://www.redbus.in/bus-tickets/patna-to-muzaffarpur,Jai Jagdish Shiv Dulari,Leyland A/C Seater Executive (2+2),16:00,02h 30m,18:30,1.2,INR 150,53 Seats available
Patna (Bihar) to Muzaffarpur (Bihar),https://www.redbus.in/bus-tickets/patna-to-muzaffarpur,Jai Jagdish Shiv Dulari,Leyland A/C Seater Executive (2+2),16:00,02h 30m,18:30,4.0,INR 150,53 Seats available
Patna (Bihar) to Muzaffarpur (Bihar),https://www.redbus.in/bus-tickets/patna-to-muzaffarpur,Alok Travels,A/C Seater (2+2),16:14,02h 00m,18:14,1.7,INR 150,41 Seats available
Patna (Bihar) to Muzaffarpur (Bihar),https://www.redbus.in/bus-tickets/patna-to-muzaffarpur,Jai Jagdish Shiv Dulari,Leyland A/C Seater Executive (2+2),17:30,02h 30m,20:00,4.0,INR 150,53 Seats available
Patna (Bihar) to Muzaffarpur (Bihar),https://www.redbus.in/bus-tickets/patna-to-muzaffarpur,Jai Jagdish Shiv Dulari,Leyland A/C Seater Executive (2+2),18:30,02h 30m,21:00,3.4,INR 150,53 Seats available
Patna (Bihar) to Muzaffarpur (Bihar),https://www.redbus.in/bus-tickets/patna-to-muzaffarpur,New Travel India,A/C Seater Push Back (2+2),18:45,02h 15m,21:00,3.4,INR 200,40 Seats available
Patna (Bihar) to Muzaffarpur (Bihar),https://www.redbus.in/bus-tickets/patna-to-muzaffarpur,New Travel India,A/C Seater Push Back (2+2),18:55,01h 55m,20:50,3.4,INR 200,36 Seats available
Patna (Bihar) to Muzaffarpur (Bihar),https://www.redbus.in/bus-tickets/patna-to-muzaffarpur,Super Pandav,Non AC Seater (2+2),18:58,02h 02m,21:00,4.0,INR 180,45 Seats available
Patna (Bihar) to Muzaffarpur (Bihar),https://www.redbus.in/bus-tickets/patna-to-muzaffarpur,Aman Rath,A/C Seater / Sleeper (2+1),20:45,02h 00m,22:45,2.7,450,13 Seats available
Patna (Bihar) to Muzaffarpur (Bihar),https://www.redbus.in/bus-tickets/patna-to-muzaffarpur,Jai Jagdish Shiv Dulari,Leyland A/C Seater Executive (2+2),19:00,02h 30m,21:30,2.4,INR 150,53 Seats available
Patna (Bihar) to Muzaffarpur (Bihar),https://www.redbus.in/bus-tickets/patna-to-muzaffarpur,Sree Balaji Travels,A/C Seater / Sleeper (2+1),20:15,02h 15m,22:30,2.7,INR 150,24 Seats available
Patna (Bihar) to Muzaffarpur (Bihar),https://www.redbus.in/bus-tickets/patna-to-muzaffarpur,MAA SHANTI TRAVELS,A/C Seater / Sleeper (2+1),21:25,02h 20m,23:45,1.6,630,28 Seats available
Patna (Bihar) to Muzaffarpur (Bihar),https://www.redbus.in/bus-tickets/patna-to-muzaffarpur,Sri Krishna Tours and Travels,A/C Seater Push Back (2+2),13:35,02h 15m,15:50,2.3,INR 300,16 Seats available
Patna (Bihar) to Muzaffarpur (Bihar),https://www.redbus.in/bus-tickets/patna-to-muzaffarpur,Sri Krishna Tours and Travels,A/C Seater / Sleeper (2+1),20:25,01h 50m,22:15,1.7,INR 650,32 Seats available
Patna (Bihar) to Muzaffarpur (Bihar),https://www.redbus.in/bus-tickets/patna-to-muzaffarpur,Sri Krishna Tours and Travels,A/C Seater / Sleeper (2+2),20:30,02h 20m,22:50,1.6,INR 550,44 Seats available
Patna (Bihar) to Muzaffarpur (Bihar),https://www.redbus.in/bus-tickets/patna-to-muzaffarpur,MAA SHANTI TRAVELS,A/C Seater / Sleeper (2+1),22:10,25h 45m,23:55,1.6,630,20 Seats available
Patna (Bihar) to Muzaffarpur (Bihar),https://www.redbus.in/bus-tickets/patna-to-muzaffarpur,Jai Hanuman Travels,A/C Seater / Sleeper (2+2),22:20,01h 55m,00:15,2.4,495,54 Seats available
Patna (Bihar) to Muzaffarpur (Bihar),https://www.redbus.in/bus-tickets/patna-to-muzaffarpur,Jai Mata Di Tour and Travels,A/C Seater / Sleeper (2+2),13:53,02h 50m,16:43,0,INR 400,12 Seats available
Patna (Bihar) to Muzaffarpur (Bihar),https://www.redbus.in/bus-tickets/patna-to-muzaffarpur,Panwar Travels,A/C Seater / Sleeper (2+1),18:10,02h 20m,20:30,0,931,25 Seats available
Patna (Bihar) to Muzaffarpur (Bihar),https://www.redbus.in/bus-tickets/patna-to-muzaffarpur,Sri Krishna Rath,A/C Semi Sleeper / Sleeper (2+2),20:00,02h 00m,22:00,0,INR 450,76 Seats available
Patna (Bihar) to Muzaffarpur (Bihar),https://www.redbus.in/bus-tickets/patna-to-muzaffarpur,Royal Sundram,A/C Seater / Sleeper (2+1),20:15,02h 00m,22:15,0,INR 600,52 Seats available
Patna (Bihar) to Muzaffarpur (Bihar),https://www.redbus.in/bus-tickets/patna-to-muzaffarpur,Sree Balaji Travels,NON A/C Seater / Sleeper (2+2),20:30,02h 00m,22:30,0,405,22 Seats available
Patna (Bihar) to Muzaffarpur (Bihar),https://www.redbus.in/bus-tickets/patna-to-muzaffarpur,Sri Krishna Rath,A/C Semi Sleeper / Sleeper (2+2),21:00,02h 00m,23:00,0,INR 500,76 Seats available
Patna (Bihar) to Muzaffarpur (Bihar),https://www.redbus.in/bus-tickets/patna-to-muzaffarpur,Sri Krishna Rath,A/C Seater / Sleeper (2+2),21:00,02h 00m,23:00,0,INR 500,62 Seats available
Patna (Bihar) to Muzaffarpur (Bihar),https://www.redbus.in/bus-tickets/patna-to-muzaffarpur,Jai Mata Di Tour and Travels,A/C Seater / Sleeper (2+2),22:40,01h 50m,00:30,0,INR 450,28 Seats available
Agra to Motihari,https://www.redbus.in/bus-tickets/agra-to-motihari,Bihar state road transport corporation (BSRTC) - 152185,Volvo AC Seater 2+2,18:00,13h 00m,07:00,3.2,INR 1170,19 Seats available
Agra to Motihari,https://www.redbus.in/bus-tickets/agra-to-motihari,Bihar state road transport corporation (BSRTC) - 117806,Volvo AC Seater 2+2,20:45,13h 15m,10:00,4.2,INR 1100,32 Seats available
Agra to Motihari,https://www.redbus.in/bus-tickets/agra-to-motihari,Panwar Travels,A/C Sleeper (2+1),21:45,19h 45m,17:30,2.7,2375,36 Seats available
Agra to Motihari,https://www.redbus.in/bus-tickets/agra-to-motihari,Maa kali Travels,A/C Seater / Sleeper (2+2),21:25,15h 20m,12:45,1.0,INR 1599,38 Seats available
Agra to Motihari,https://www.redbus.in/bus-tickets/agra-to-motihari,Shree Balajee Travels And Cargo,NON A/C Seater/ Sleeper (2+1),21:30,0-6h 00m,15:30,1.3,1350,40 Seats available
Agra to Motihari,https://www.redbus.in/bus-tickets/agra-to-motihari,Shree Balajee Travels And Cargo,A/C Seater / Sleeper (2+1),18:00,15h 00m,09:00,1.3,1349,47 Seats available
Lucknow to Motihari,https://www.redbus.in/bus-tickets/lucknow-to-motihari,Bihar state road transport corporation (BSRTC) - 152185,Volvo AC Seater 2+2,22:30,08h 30m,07:00,3.5,INR 800,19 Seats available
Lucknow to Motihari,https://www.redbus.in/bus-tickets/lucknow-to-motihari,Panwar Travels,A/C Seater / Sleeper (2+1),21:30,09h 50m,07:20,4.3,998,23 Seats available
Lucknow to Motihari,https://www.redbus.in/bus-tickets/lucknow-to-motihari,MISHRA BANDHU BUS SERVICE,A/C Seater / Sleeper (2+1),21:30,10h 00m,07:30,3.0,INR 899,15 Seats available
Lucknow to Motihari,https://www.redbus.in/bus-tickets/lucknow-to-motihari,New India Bus Service,A/C Seater / Sleeper (2+2),23:30,09h 30m,09:00,1.0,1804,24 Seats available
Patna (Bihar) to Simrahi Bazar (Bihar),https://www.redbus.in/bus-tickets/patna-to-simrahi-bazar-bihar,Bihar state road transport corporation (BSRTC) - 142847,AC Seater (2+2),21:25,05h 05m,02:30,4.6,INR 435,29 Seats available
Patna (Bihar) to Simrahi Bazar (Bihar),https://www.redbus.in/bus-tickets/patna-to-simrahi-bazar-bihar,VIJAY RATH,A/C Seater / Sleeper (2+1),20:30,06h 30m,03:00,3.7,INR 500,11 Seats available
Patna (Bihar) to Simrahi Bazar (Bihar),https://www.redbus.in/bus-tickets/patna-to-simrahi-bazar-bihar,Mahuli Travels,A/C Seater / Sleeper (2+1),20:50,06h 10m,03:00,3.7,INR 500,47 Seats available
Patna (Bihar) to Simrahi Bazar (Bihar),https://www.redbus.in/bus-tickets/patna-to-simrahi-bazar-bihar,Raj Bus Services,Bharat Benz A/C Seater /Sleeper (2+1),20:35,07h 00m,03:35,3.4,463,12 Seats available
Patna (Bihar) to Simrahi Bazar (Bihar),https://www.redbus.in/bus-tickets/patna-to-simrahi-bazar-bihar,Raj Bus Services,Bharat Benz A/C Seater /Sleeper (2+1),18:25,07h 10m,01:35,3.4,463,10 Seats available
Patna (Bihar) to Simrahi Bazar (Bihar),https://www.redbus.in/bus-tickets/patna-to-simrahi-bazar-bihar,Raj Bus Services,A/C Seater / Sleeper (2+1),19:25,07h 40m,03:05,3.4,463,13 Seats available
Patna (Bihar) to Simrahi Bazar (Bihar),https://www.redbus.in/bus-tickets/patna-to-simrahi-bazar-bihar,Rukmanti (AT),A/C Seater / Sleeper (2+1),20:00,06h 15m,02:15,3.0,508,38 Seats available
Patna (Bihar) to Simrahi Bazar (Bihar),https://www.redbus.in/bus-tickets/patna-to-simrahi-bazar-bihar,Aarush Krrish,A/C Seater / Sleeper (2+1),21:00,05h 00m,02:00,2.3,540,46 Seats available
Patna (Bihar) to Simrahi Bazar (Bihar),https://www.redbus.in/bus-tickets/patna-to-simrahi-bazar-bihar,Sri Krishna Tours and Travels,A/C Seater / Sleeper (2+2),20:30,06h 10m,02:40,3.2,INR 600,43 Seats available
Patna (Bihar) to Simrahi Bazar (Bihar),https://www.redbus.in/bus-tickets/patna-to-simrahi-bazar-bihar,Raj Rath,A/C Seater / Sleeper (2+2),21:00,06h 30m,03:30,2.4,INR 500,10 Seats available
Patna (Bihar) to Simrahi Bazar (Bihar),https://www.redbus.in/bus-tickets/patna-to-simrahi-bazar-bihar,Tiwari Motors,A/C Seater / Sleeper (2+1),20:00,07h 30m,03:30,2.2,INR 449,19 Seats available
Patna (Bihar) to Simrahi Bazar (Bihar),https://www.redbus.in/bus-tickets/patna-to-simrahi-bazar-bihar,Sri Krishna Rath,A/C Semi Sleeper / Sleeper (2+2),20:00,08h 00m,04:00,1.6,INR 370,76 Seats available
Patna (Bihar) to Simrahi Bazar (Bihar),https://www.redbus.in/bus-tickets/patna-to-simrahi-bazar-bihar,Sri Krishna Rath,A/C Semi Sleeper / Sleeper (2+2),21:00,08h 00m,05:00,1.6,INR 420,20 Seats available
Patna (Bihar) to Ramgarh (Jharkhand),https://www.redbus.in/bus-tickets/patna-to-ramgarh-jharkhand,Bihar state road transport corporation (BSRTC) - 153594,AC Seater (2+2),20:41,08h 50m,05:31,2.8,INR 466,26 Seats available
Patna (Bihar) to Ramgarh (Jharkhand),https://www.redbus.in/bus-tickets/patna-to-ramgarh-jharkhand,MAA SHANTI TRAVELS,A/C Seater/Sleeper (2+1),21:25,07h 40m,05:05,3.8,675,49 Seats available
Patna (Bihar) to Ramgarh (Jharkhand),https://www.redbus.in/bus-tickets/patna-to-ramgarh-jharkhand,Rekha Luxury,A/C Seater / Sleeper (2+1),20:00,08h 45m,04:45,3.2,INR 700,2 Seats available
Patna (Bihar) to Ramgarh (Jharkhand),https://www.redbus.in/bus-tickets/patna-to-ramgarh-jharkhand,MAA SHANTI TRAVELS,A/C Seater / Sleeper (2+1),20:27,07h 18m,03:45,4.0,900,6 Seats available
Patna (Bihar) to Ramgarh (Jharkhand),https://www.redbus.in/bus-tickets/patna-to-ramgarh-jharkhand,Mahuli Travels,A/C Seater/Sleeper (2+1),21:00,08h 00m,05:00,4.4,INR 642,39 Seats available
Patna (Bihar) to Ramgarh (Jharkhand),https://www.redbus.in/bus-tickets/patna-to-ramgarh-jharkhand,Rajdhani bus service,Non A/C Seater / Sleeper (2+1),18:30,07h 45m,02:15,3.3,555,27 Seats available
Patna (Bihar) to Ramgarh (Jharkhand),https://www.redbus.in/bus-tickets/patna-to-ramgarh-jharkhand,Puja Rath,A/C Seater / Sleeper (2+1),21:00,07h 00m,04:00,2.4,540,20 Seats available
Patna (Bihar) to Ramgarh (Jharkhand),https://www.redbus.in/bus-tickets/patna-to-ramgarh-jharkhand,Chandralok Travels,A/C Seater / Sleeper (2+1),21:20,08h 10m,05:30,2.1,INR 600,34 Seats available
Patna (Bihar) to Ramgarh (Jharkhand),https://www.redbus.in/bus-tickets/patna-to-ramgarh-jharkhand,Arzoo Travels,Bharat Benz A/C Seater /Sleeper (2+1),20:30,07h 00m,03:30,2.3,540,41 Seats available
Patna (Bihar) to Ramgarh (Jharkhand),https://www.redbus.in/bus-tickets/patna-to-ramgarh-jharkhand,MAA SHANTI TRAVELS,Non A/C Seater / Sleeper (2+1),21:40,06h 35m,04:15,4.0,833,30 Seats available
Patna (Bihar) to Ramgarh (Jharkhand),https://www.redbus.in/bus-tickets/patna-to-ramgarh-jharkhand,Rajdhani bus service,A/C Seater / Sleeper (2+1),20:05,05h 55m,02:00,3.9,INR 800,41 Seats available
Patna (Bihar) to Ramgarh (Jharkhand),https://www.redbus.in/bus-tickets/patna-to-ramgarh-jharkhand,Pappu Travels (yvts),A/C Seater/Sleeper (2+1),21:30,07h 00m,04:30,3.0,INR 800,6 Seats available
Patna (Bihar) to Ramgarh (Jharkhand),https://www.redbus.in/bus-tickets/patna-to-ramgarh-jharkhand,Maharani Express,A/C Seater / Sleeper (2+2),18:00,08h 20m,02:20,2.3,720,36 Seats available
Patna (Bihar) to Ramgarh (Jharkhand),https://www.redbus.in/bus-tickets/patna-to-ramgarh-jharkhand,Tejas Maa Bhawani,AC Sleeper (2+1),21:30,07h 00m,04:30,2.0,INR 2500,2 Seats available
Patna (Bihar) to Ramgarh (Jharkhand),https://www.redbus.in/bus-tickets/patna-to-ramgarh-jharkhand,Tejas Maa Bhawani,A/C Sleeper (2+1),21:30,07h 30m,05:00,2.0,INR 1300,2 Seats available
Patna (Bihar) to Ramgarh (Jharkhand),https://www.redbus.in/bus-tickets/patna-to-ramgarh-jharkhand,Tejas Maa Bhawani,Non AC Seater (2+2),21:30,06h 20m,03:50,2.0,INR 2000,41 Seats available
Patna (Bihar) to Ramgarh (Jharkhand),https://www.redbus.in/bus-tickets/patna-to-ramgarh-jharkhand,Babuan Motors,A/C Seater / Sleeper (2+1),19:00,07h 00m,02:00,1.3,INR 500,19 Seats available
Patna (Bihar) to Ramgarh (Jharkhand),https://www.redbus.in/bus-tickets/patna-to-ramgarh-jharkhand,Sri Krishna Rath,A/C Semi Sleeper / Sleeper (2+2),22:30,07h 00m,05:30,0,INR 700,76 Seats available
Patna (Bihar) to Ramgarh (Jharkhand),https://www.redbus.in/bus-tickets/patna-to-ramgarh-jharkhand,Sri Krishna Rath,A/C Semi Sleeper / Sleeper (2+2),21:30,07h 00m,04:30,0,INR 500,72 Seats available
Patna (Bihar) to Ramgarh (Jharkhand),https://www.redbus.in/bus-tickets/patna-to-ramgarh-jharkhand,Sri Krishna Rath,A/C Seater/Sleeper (2+1),20:20,10h 10m,06:30,0,INR 1550,15 Seats available
